method,stress,max_h,h,iou,boundary_f,jf,ops,vanish,hallucination,split,components,mce,pred_area,gt_area,uncertainty,confidence,brier_iou50,uec,ece_iou50,aurc_unc,selective_jf_80,n_rows,n_samples
safeobjworld_r_det,occlusion,5,all,0.6113233798992596,0.6624635634303642,0.6368934716648118,0.9446250356429997,0.028115198175078415,0.0025662959794696323,0.3312802965497576,1.6424294268605646,0.003214852017239985,0.06564870940163324,0.05966326740120948,0.0,0.9910956546727973,0.2602405979111897,,0.2566787139384332,0.4236586266099908,0.6274717450141907,17535,3507
safeobjworld_r_det,occlusion,5,1,0.7264925337457535,0.8429237369527326,0.7847081353492431,0.9780439121756487,0.01283147989734816,0.000855431993156544,0.3972055888223553,1.9358426005132592,0.003214852017239985,0.06093098865513021,0.05943030852976586,0.0,0.9951645258589963,0.11803736739733772,,0.11406958103179932,0.3027728414937554,0.7729140520095825,3507,3507
safeobjworld_r_det,occlusion,5,2,0.6564534931053482,0.7436243107928345,0.7000389019490914,0.9615055603079555,0.01996007984031936,0.001710863986313088,0.3495865412033077,1.697747362418021,0.003214852017239985,0.06346834790240946,0.05955796739853626,0.0,0.9930950041880525,0.18599291380769956,,0.18186034818371374,0.37468804461661903,0.6886024475097656,3507,3507
safeobjworld_r_det,occlusion,5,3,0.601105522471214,0.6500573963591438,0.6255814594151788,0.9412603364699174,0.027944111776447105,0.0025662959794696323,0.32934131736526945,1.6144853150841174,0.003214852017239985,0.0655249366099151,0.059674023728336974,0.0,0.9910790862471486,0.2651577513205009,,0.26139562142551337,0.4339273863161766,0.6150127649307251,3507,3507
safeobjworld_r_det,occlusion,5,4,0.5554656416335515,0.5713349121360977,0.5634002768848245,0.9270031365839749,0.03649843170801255,0.003421727972626176,0.3016823495865412,1.5209580838323353,0.003214852017239985,0.0679129943857325,0.05978225221184615,0.0,0.9890631683062446,0.33686747046525845,,0.3335171185873633,0.48279863281273355,0.554818332195282,3507,3507
safeobjworld_r_det,occlusion,5,5,0.5170997085404307,0.5043774609110121,0.5107385847257214,0.9153122326775022,0.043341887653264896,0.00427715996578272,0.27858568577131454,1.4431137724550898,0.003214852017239985,0.07040627945497893,0.059871785137562174,0.0,0.9870764887635444,0.3951474865651518,,0.39255126626667625,0.5235146441997367,0.5034250617027283,3507,3507
