method,stress,max_h,h,iou,boundary_f,jf,ops,vanish,hallucination,split,mce,uncertainty,confidence,uec,ece_iou50,n_rows,n_samples
convlstm,clean,5,all,0.6352146203786231,0.6901424226649653,0.6626785215217942,0.9528942115768463,0.027544910179640718,0.0023952095808383233,0.27516395779868835,0.0029405200879078952,0.0,0.9919077776659239,,0.23359584509901488,17535,3507
convlstm,clean,5,1,0.7713260972183207,0.8935225373768615,0.832424317297591,0.9846022241231822,0.012546335899629312,0.000855431993156544,0.31822070145423437,0.0029405200879078952,0.0,0.9960477544366039,,0.09727388620376587,3507,3507
convlstm,clean,5,2,0.6848333724621327,0.7791590047123265,0.7319961885872296,0.9703450242372398,0.019104647847162818,0.001710863986313088,0.2902765896777873,0.0029405200879078952,0.0,0.9937597822864273,,0.15914333303463502,3507,3507
convlstm,clean,5,3,0.6210518127473258,0.6764639178918165,0.6487578653195714,0.9500998003992016,0.026803535785571715,0.0022811519817507843,0.281437125748503,0.0029405200879078952,0.0,0.9917774402520784,,0.23186873216930873,3507,3507
convlstm,clean,5,4,0.5704900999046278,0.5883988715617258,0.5794444857331769,0.9366980325064157,0.035357855717137156,0.003136583974907328,0.25605930995152554,0.0029405200879078952,0.0,0.9899701095558756,,0.31360856739584797,3507,3507
convlstm,clean,5,5,0.5283717195607084,0.5131677817820959,0.5207697506714022,0.9227259766181922,0.043912175648702596,0.003992015968063872,0.2298260621613915,0.0029405200879078952,0.0,0.9879838017986342,,0.3660847473967133,3507,3507
