method,stress,max_h,h,iou,boundary_f,jf,ops,vanish,hallucination,split,mce,uncertainty,confidence,uec,ece_iou50,n_rows,n_samples
safeobj_no_geom,frame_drop,5,all,0.14847112565497436,0.1071845700924353,0.1278278478737048,0.48674080410607357,0.3664100370687197,0.0051325919589392645,0.08451668092386655,0.0015104394942472058,5.624098867463735e-06,0.9263105382938347,-0.39474139609419295,0.885763006510135,17535,3507
safeobj_no_geom,frame_drop,5,1,0.14775317942614577,0.10585951819540439,0.12680634881077507,0.482178500142572,0.3781009409751925,0.0022811519817507843,0.08525805531793555,0.0015104394942472058,5.346052150895407e-06,0.9264944377773536,-0.40344586440802305,0.8860039526422989,3507,3507
safeobj_no_geom,frame_drop,5,2,0.14847905901332373,0.10708749116197408,0.1277832750876489,0.48588537211291705,0.36897633304818933,0.0037068719703450244,0.08582834331337326,0.0015104394942472058,5.303078242522007e-06,0.9271828205897524,-0.40194524805578025,0.886407242087785,3507,3507
safeobj_no_geom,frame_drop,5,3,0.1487068237978678,0.10756585703383083,0.12813634041584931,0.4870259481037924,0.36412888508696895,0.0051325919589392645,0.08668377530652979,0.0015104394942472058,5.496424584862212e-06,0.9268215397738785,-0.3896405258326541,0.8860459385483836,3507,3507
safeobj_no_geom,frame_drop,5,4,0.1487364588994717,0.10775186016733027,0.128244159533401,0.48902195608782434,0.3618477331052181,0.006558311947533505,0.07984031936127745,0.0015104394942472058,6.00304820128268e-06,0.9260275456209892,-0.39066975499048245,0.8849668344575725,3507,3507
safeobj_no_geom,frame_drop,5,5,0.14868010713806276,0.10765812390363695,0.1281691155208499,0.4895922440832621,0.35899629312802966,0.007984031936127744,0.08497291132021671,0.0015104394942472058,5.97189115775637e-06,0.9250263477071996,-0.3979747049143096,0.8853913078730964,3507,3507
