method,stress,max_h,h,iou,boundary_f,jf,ops,vanish,hallucination,split,mce,uncertainty,confidence,uec,ece_iou50,n_rows,n_samples
safeobj_full,clean,5,all,0.3469508640593167,0.2716097480416303,0.30928030605047346,0.8658682634730539,0.039235814086113485,0.004961505560307955,0.08645566010835472,0.008543687958663088,0.0003998097931231377,0.9779875596398331,-0.31857073222027393,0.7355010426279007,17535,3507
safeobj_full,clean,5,1,0.37439231575987825,0.2951209140772713,0.33475661491857484,0.8825206729398346,0.03136583974907328,0.0022811519817507843,0.06814941545480467,0.008543687958663088,0.0003862620401525775,0.9795487520359574,-0.353984578541688,0.6838544360891787,3507,3507
safeobj_full,clean,5,2,0.36142475461942103,0.28362962630323235,0.32252719046132666,0.8779583689763331,0.033932135728542916,0.0037068719703450244,0.08696891930424865,0.008543687958663088,0.0003877998552113719,0.9788898813408394,-0.3549145854078816,0.7102842569555148,3507,3507
safeobj_full,clean,5,3,0.3468908344030979,0.2715501593668234,0.30922049688496067,0.8691189050470488,0.04020530367835757,0.004847447961220416,0.0949529512403764,0.008543687958663088,0.0003965221875802812,0.9780583907506185,-0.3190581346991192,0.7408185525092774,3507,3507
safeobj_full,clean,5,4,0.3327427899739023,0.2593692916825263,0.29605604082821435,0.857428001140576,0.042486455660108356,0.006273167949814656,0.09409751924721985,0.008543687958663088,0.00040847293326055163,0.9771585699021051,-0.3040224312644113,0.7644411263249693,3507,3507
safeobj_full,clean,5,5,0.31930362554028396,0.24837874877829832,0.28384118715929113,0.8423153692614771,0.04818933561448532,0.007698887938408896,0.08810949529512403,0.008543687958663088,0.0004199919494109061,0.9762822041696451,-0.29945172861112834,0.7781071374312337,3507,3507
