method,stress,max_h,h,iou,boundary_f,jf,ops,vanish,hallucination,split,components,mce,pred_area,gt_area,uncertainty,confidence,brier_iou50,uec,ece_iou50,aurc_unc,selective_jf_80,n_rows,n_samples
convlstm_base,noise,5,all,0.6434333601092772,0.7055827745309377,0.6745080673201074,0.9537496435700028,0.027202737382378103,0.002338180781294554,0.29409751924721983,1.6503564299971485,0.003108247618273221,0.06534468575250293,0.05966326740120948,0.0,0.9918781299009125,0.23348843648218176,,0.23031547972032207,0.3893838688532852,0.6674852967262268,17535,3507
convlstm_base,noise,5,1,0.7807912322411235,0.9018921576643729,0.8413416949527482,0.9828913601368692,0.01311662389506701,0.000855431993156544,0.31736526946107785,1.8565725691474195,0.003108247618273221,0.0611655301128893,0.05943030852976586,0.0,0.9963635786462789,0.09652657260030023,,0.09331256151199341,0.2450679884842084,0.8324103951454163,3507,3507
convlstm_base,noise,5,2,0.6940454959929131,0.792540085037178,0.7432927905150456,0.9697747362418021,0.019674935842600515,0.001710863986313088,0.3125178214998574,1.7199885942400912,0.003108247618273221,0.06335676241762506,0.05955796739853626,0.0,0.9940717059185201,0.1552176852834031,,0.1514711497276639,0.3334802364981219,0.7352689504623413,3507,3507
convlstm_base,noise,5,3,0.6295527135120232,0.6939288336376792,0.6617407735748513,0.954947248360422,0.02594810379241517,0.0022811519817507843,0.30025662959794697,1.6335899629312802,0.003108247618273221,0.06518745742641702,0.059674023728336974,0.0,0.9918667130025663,0.23872987925581418,,0.23537968256754313,0.4029932917454218,0.6538082361221313,3507,3507
convlstm_base,noise,5,4,0.5780800493045459,0.608175060232548,0.5931275547685468,0.9375534644995723,0.03450242372398061,0.00285143997718848,0.2834331337325349,1.55945252352438,0.003108247618273221,0.06728318536538035,0.05978225221184615,0.0,0.9896689600709295,0.3095001761716827,,0.306463950408433,0.4591671371674897,0.5861844420433044,3507,3507
convlstm_base,noise,5,5,0.5346973094957802,0.5313777360829094,0.5330375227893449,0.9235814086113487,0.0427715996578272,0.003992015968063872,0.25691474194468206,1.482178500142572,0.003108247618273221,0.06973049344020293,0.059871785137562174,0.0,0.9874196918662674,0.36746786909970863,,0.36495035704908324,0.5057837096501094,0.5274820327758789,3507,3507
