method,stress,max_h,h,iou,boundary_f,jf,ops,vanish,hallucination,split,mce,uncertainty,confidence,uec,ece_iou50,n_rows,n_samples
safeobj_det,frame_drop,5,all,0.3616993568454007,0.2920909833063453,0.326895170075873,0.848018249215854,0.06552609067579128,0.0051325919589392645,0.12181351582549187,0.004083534962854457,0.0,0.9818327045386287,,0.6709687106997532,17535,3507
safeobj_det,frame_drop,5,1,0.39480638116381694,0.3237317472812322,0.35926906422252464,0.8625605930995153,0.06501283147989735,0.0022811519817507843,0.11719418306244654,0.004083534962854457,0.0,0.984568514917731,,0.6036161892020468,3507,3507
safeobj_det,frame_drop,5,2,0.37809138268508663,0.30700643959233814,0.34254891113871233,0.8548617051611064,0.06928999144568007,0.0037068719703450244,0.11320216709438266,0.004083534962854457,0.0,0.9832219930330096,,0.6433303372996603,3507,3507
safeobj_det,frame_drop,5,3,0.36085621222560577,0.2913365029959721,0.32609635761078887,0.8465925292272598,0.0647276874821785,0.0051325919589392645,0.12033076703735386,0.004083534962854457,0.0,0.9819002226441206,,0.6785069777648063,3507,3507
safeobj_det,frame_drop,5,4,0.3447572092556513,0.2757668329822263,0.3102620211189388,0.8414599372683205,0.06358711149130311,0.006558311947533505,0.1283147989734816,0.004083534962854457,0.0,0.9804804975197191,,0.703320553916657,3507,3507
safeobj_det,frame_drop,5,5,0.3299855988968431,0.2626133936799576,0.2962994962884003,0.8346164813230682,0.06501283147989735,0.007984031936127744,0.1300256629597947,0.004083534962854457,0.0,0.9789922945785631,,0.7260695418843796,3507,3507
