method,stress,max_h,h,iou,boundary_f,jf,ops,vanish,hallucination,split,components,mce,pred_area,gt_area,uncertainty,confidence,brier_iou50,uec,ece_iou50,aurc_unc,selective_jf_80,n_rows,n_samples
linear_centroid,occlusion,5,all,0.4083935160469675,0.6133810171710762,0.5108872666090218,0.8931280296549757,0.04436840604505275,0.0051325919589392645,0.7914456800684345,7.3355004277159965,0.0007510297302402928,0.04170716262168125,0.05966326740120948,0.0,1.0,0.6254348445965212,,0.6254348754882812,0.6122711220395802,0.5087040066719055,17535,3507
linear_centroid,occlusion,5,1,0.5319084259838204,0.800967907798972,0.6664381668913962,0.9600798403193613,0.01311662389506701,0.0022811519817507843,0.7944111776447106,7.492158540062731,0.0007510297302402929,0.04235899016698745,0.05943030852976586,0.0,1.0,0.335899629312803,,0.3358996510505676,0.4795333976252685,0.664117157459259,3507,3507
linear_centroid,occlusion,5,2,0.4490782701057696,0.6887135928381608,0.5688959314719653,0.9252922725976618,0.028514399771884802,0.0037068719703450244,0.7932706016538352,7.407470772740234,0.0007510297302402929,0.042069259298862585,0.05955796739853626,0.0,1.0,0.5400627316794981,,0.5400627255439758,0.5681521313798111,0.5660598278045654,3507,3507
linear_centroid,occlusion,5,3,0.39317856379001,0.5934827978155021,0.49333068080275605,0.8907898488736812,0.04505275163957799,0.0051325919589392645,0.7924151696606786,7.33675506130596,0.0007510297302402929,0.04173473489528878,0.059674023728336974,0.0,1.0,0.6777872825777017,,0.6777873039245605,0.6286924525104595,0.49084264039993286,3507,3507
linear_centroid,occlusion,5,4,0.3508325609990201,0.5207341630352902,0.43578336201715506,0.8597091531223268,0.059880239520958084,0.006558311947533505,0.7904191616766467,7.257770173937838,0.0007510297302402929,0.04137426721457878,0.05978225221184615,0.0,1.0,0.7593384659252923,,0.7593384981155396,0.6742415849512853,0.4330907464027405,3507,3507
linear_centroid,occlusion,5,5,0.3169697593562172,0.46300662436745543,0.3899881918618363,0.8297690333618477,0.07527801539777587,0.007984031936127744,0.7867122897063017,7.183347590533219,0.0007510297302402929,0.04099856153268859,0.059871785137562174,0.0,1.0,0.8140861134873111,,0.8140860795974731,0.7108677818805226,0.38778674602508545,3507,3507
