method,stress,max_h,h,iou,boundary_f,jf,ops,vanish,hallucination,split,components,mce,pred_area,gt_area,uncertainty,confidence,brier_iou50,uec,ece_iou50,aurc_unc,selective_jf_80,n_rows,n_samples
flow_linear_fallback,frame_drop,5,all,0.5056574922513847,0.606640682272008,0.5561490872616962,0.8707727402338181,0.06284573709723411,0.004790419161676647,0.5457085828343313,7.934702024522384,0.006657643066084701,0.058464875185145586,0.05966326740120948,0.0,1.0,0.44756201881950386,,0.447562038898468,0.5407806881763549,0.5450338125228882,17535,3507
flow_linear_fallback,frame_drop,5,1,0.6814544821453908,0.8423008352046756,0.7618776586750332,0.9446820644425434,0.016538351867693184,0.0022811519817507843,0.4998574280011406,7.92842885657257,0.006657643066084701,0.05917317306111983,0.05943030852976586,0.0,1.0,0.18021100655831196,,0.18021100759506226,0.3521316743307635,0.7517067790031433,3507,3507
flow_linear_fallback,frame_drop,5,2,0.5575025030293962,0.6807543210168827,0.6191284120231395,0.8987738808098089,0.039064727687482176,0.003421727972626176,0.5312232677502139,7.9210151126318795,0.006657643066084701,0.058952345804422907,0.05955796739853626,0.0,1.0,0.36327345309381237,,0.3632734417915344,0.4856663640833807,0.606672465801239,3507,3507
flow_linear_fallback,frame_drop,5,3,0.4741645856512046,0.5634140096416933,0.518789297646449,0.8651268890789849,0.06843455945252352,0.004847447961220416,0.5697177074422584,8.013401767892786,0.006657643066084701,0.058622485621514904,0.059674023728336974,0.0,1.0,0.49329911605360705,,0.49329912662506104,0.5743263647850525,0.5053321719169617,3507,3507
flow_linear_fallback,frame_drop,5,4,0.42915357141720023,0.5026641062211833,0.4659088388191917,0.8394639292842886,0.08582834331337326,0.005988023952095809,0.5657256914741945,7.949529512403764,0.006657643066084701,0.058124295803234804,0.05978225221184615,0.0,1.0,0.568577131451383,,0.5685771703720093,0.6223690683412205,0.4539858400821686,3507,3507
flow_linear_fallback,frame_drop,5,5,0.38601231901373134,0.44407013927560457,0.41504122914466796,0.8058169375534645,0.10436270316509838,0.007413743940690049,0.5620188195038495,7.861134873110921,0.006657643066084701,0.05745207563543548,0.059871785137562174,0.0,1.0,0.6324493869404049,,0.6324493885040283,0.6667111139833581,0.4045911431312561,3507,3507
