method,stress,max_h,h,iou,boundary_f,jf,ops,vanish,hallucination,split,components,mce,pred_area,gt_area,uncertainty,confidence,brier_iou50,uec,ece_iou50,aurc_unc,selective_jf_80,n_rows,n_samples
object_token_det,noise,5,all,0.3971840494159189,0.3192014641829686,0.3581927567994437,0.8927288280581693,0.042999714856002284,0.005075563159395495,0.08805246649558027,1.1062446535500428,0.0035620099995825653,0.06859216524787727,0.05966326740120948,0.0,0.9827773582299686,0.6355579787657613,,0.6376390984366347,0.6309270528149917,0.3518815338611603,17535,3507
object_token_det,noise,5,1,0.4350453520220141,0.3637775196207644,0.3994114358213892,0.9204448246364414,0.03307670373538637,0.0022811519817507843,0.0718562874251497,1.0932420872540634,0.0035620099995825653,0.06532606909197478,0.05943030852976586,0.0,0.9852325204501711,0.5593047677059951,,0.5580867966390043,0.5875212153607734,0.3919934630393982,3507,3507
object_token_det,noise,5,2,0.417402886611068,0.3419417724820897,0.3796723295465788,0.9041916167664671,0.038209295694325636,0.0037068719703450244,0.08098089535215283,1.1006558311947534,0.0035620099995825653,0.06714078353709249,0.05955796739853626,0.0,0.9842786525163958,0.5937623501775745,,0.5939165280522666,0.6078028243155065,0.371957004070282,3507,3507
object_token_det,noise,5,3,0.3966319530485966,0.31618213360162534,0.356407043325111,0.8907898488736812,0.046193327630453376,0.0051325919589392645,0.08925007128599943,1.1080695751354435,0.0035620099995825653,0.06847400808502044,0.059674023728336974,0.0,0.9830429821161248,0.6349917205269942,,0.636878176975495,0.6312651200517493,0.34947025775909424,3507,3507
object_token_det,noise,5,4,0.37698477532657976,0.29505804326949314,0.3360214092980365,0.8793840889649273,0.04733390362132877,0.006558311947533505,0.09238665526090675,1.1100655831194752,0.0035620099995825653,0.07012573006269207,0.05978225221184615,0.0,0.9815239777142144,0.6807675571702707,,0.6846890680498298,0.6536789634959834,0.3300701677799225,3507,3507
object_token_det,noise,5,5,0.35985528007133577,0.2790478519408702,0.31945156600610297,0.86883376104933,0.05018534359851725,0.007698887938408896,0.10578842315369262,1.1191901910464785,0.0035620099995825653,0.07189423546260652,0.059871785137562174,0.0,0.979808658352937,0.7089634982479717,,0.7146247799049119,0.6730853513309316,0.3147340714931488,3507,3507
