method,stress,max_h,h,iou,boundary_f,jf,ops,vanish,hallucination,split,mce,uncertainty,confidence,uec,ece_iou50,n_rows,n_samples
flow_warp,occlusion,5,all,0.4156682828359247,0.648408729068013,0.5320385059519688,0.9073852295409182,0.030453378956372967,0.0050185343598517255,0.8260621613915027,0.0019245948228192534,0.0,1.0,,0.6139150261878967,17535,3507
flow_warp,occlusion,5,1,0.5352437496832572,0.8112259962503152,0.6732348729667863,0.9617907043056744,0.013401767892785858,0.001996007984031936,0.8069575135443399,0.0019245948228192532,0.0,1.0,,0.3167949914932251,3507,3507
flow_warp,occlusion,5,2,0.4565347692027665,0.718269088546652,0.5874019288747092,0.9318505845451953,0.0213857998289136,0.0037068719703450244,0.8152266894781864,0.0019245948228192532,0.0,1.0,,0.5189620852470398,3507,3507
flow_warp,occlusion,5,3,0.4010746366657872,0.6358859192521586,0.5184802779589728,0.9110350727117195,0.028229255774165955,0.0051325919589392645,0.8257770173937838,0.0019245948228192532,0.0,1.0,,0.6629598140716553,3507,3507
flow_warp,occlusion,5,4,0.3590822534863509,0.5670713855808518,0.4630768195336013,0.8813800969489592,0.03735386370116909,0.006558311947533505,0.8360422013116624,0.0019245948228192532,0.0,1.0,,0.7601938843727112,3507,3507
flow_warp,occlusion,5,5,0.3264060051414618,0.5095912557100868,0.41799863042577434,0.8508696891930425,0.05189620758483034,0.007698887938408896,0.846307385229541,0.0019245948228192532,0.0,1.0,,0.8106644153594971,3507,3507
