method,stress,max_h,h,iou,boundary_f,jf,ops,vanish,hallucination,split,mce,uncertainty,confidence,uec,ece_iou50,n_rows,n_samples
flow_warp,frame_drop,5,all,0.4984089395449799,0.5990095409110625,0.5487092402280211,0.8663815226689479,0.06592529227259766,0.004676361562589108,0.5683490162532079,0.002922560158457297,0.0,1.0,,0.45611631870269775,17535,3507
flow_warp,frame_drop,5,1,0.6814544821453908,0.8423008352046756,0.7618776586750332,0.9446820644425434,0.016538351867693184,0.0022811519817507843,0.4998574280011406,0.002922560158457297,0.0,1.0,,0.18021100759506226,3507,3507
flow_warp,frame_drop,5,2,0.5575025030293962,0.6807543210168827,0.6191284120231395,0.8987738808098089,0.039064727687482176,0.003421727972626176,0.5312232677502139,0.002922560158457297,0.0,1.0,,0.3632734417915344,3507,3507
flow_warp,frame_drop,5,3,0.4741645856512046,0.5634140096416933,0.518789297646449,0.8651268890789849,0.06843455945252352,0.004847447961220416,0.5697177074422584,0.002922560158457297,0.0,1.0,,0.49329912662506104,3507,3507
flow_warp,frame_drop,5,4,0.41307990400268946,0.4832173865867534,0.44814864529472137,0.8280581693755347,0.09039064727687482,0.005988023952095809,0.6016538351867693,0.002922560158457297,0.0,1.0,,0.5845451951026917,3507,3507
flow_warp,frame_drop,5,5,0.3658432228962183,0.4253611521053075,0.3956021875007629,0.7952666096378671,0.1151981750784146,0.006843455945252352,0.6392928428856572,0.002922560158457297,0.0,1.0,,0.6592528820037842,3507,3507
