method,stress,max_h,h,iou,boundary_f,jf,ops,vanish,hallucination,split,components,mce,pred_area,gt_area,uncertainty,confidence,brier_iou50,uec,ece_iou50,aurc_unc,selective_jf_80,n_rows,n_samples
object_token_det,lowlight,5,all,0.39871703509155276,0.32069746208438604,0.3597072485879694,0.8940404904476761,0.043855146849158824,0.0050185343598517255,0.09808953521528371,1.117821499857428,0.003493443972200965,0.06806156876475224,0.05966326740120948,0.0,0.981919754241517,0.6398536049609242,,0.642199216515786,0.6267332119208295,0.35406216979026794,17535,3507
object_token_det,lowlight,5,1,0.4359716254998289,0.3615920589413488,0.3987818422205888,0.9210151126318791,0.033932135728542916,0.001996007984031936,0.07927003136583975,1.095523239235814,0.003493443972200965,0.0658394891764091,0.05943030852976586,0.0,0.9842750325242372,0.5753985545830337,,0.5750934122157362,0.585198851706416,0.3927907645702362,3507,3507
object_token_det,lowlight,5,2,0.4180701762555319,0.34073569398036335,0.3794029351179476,0.9041916167664671,0.039064727687482176,0.0037068719703450244,0.0855431993156544,1.1077844311377245,0.003493443972200965,0.0668967125273263,0.05955796739853626,0.0,0.9834258659021243,0.5979506364397627,,0.5981963117271534,0.6047635238028484,0.3727776110172272,3507,3507
object_token_det,lowlight,5,3,0.398081199624641,0.31787188530533084,0.3579765424649859,0.8933561448531508,0.047619047619047616,0.0051325919589392645,0.09751924721984602,1.118334759053322,0.003493443972200965,0.06777170640118572,0.059674023728336974,0.0,0.9822259777320359,0.6407371090115868,,0.6429046020400399,0.6268722855218252,0.3516472280025482,3507,3507
object_token_det,lowlight,5,4,0.3791808903957191,0.29956129453814717,0.3393710924669332,0.8799543769603649,0.04875962360992301,0.006558311947533505,0.11149130310806958,1.1303108069575136,0.003493443972200965,0.06911526494382267,0.05978225221184615,0.0,0.9806943033575706,0.6765581086928055,,0.6804376390879739,0.6482744096769119,0.33368176221847534,3507,3507
object_token_det,lowlight,5,5,0.3622812836820429,0.28372637765674,0.3230038306693914,0.8716852010265184,0.0499001996007984,0.007698887938408896,0.11662389506700883,1.137154262902766,0.003493443972200965,0.07068467077501742,0.059871785137562174,0.0,0.9789775916916168,0.7086236160774328,,0.7143639817447244,0.6674855382672157,0.31831324100494385,3507,3507
