method,stress,max_h,h,iou,boundary_f,jf,ops,vanish,hallucination,split,components,mce,pred_area,gt_area,uncertainty,confidence,brier_iou50,uec,ece_iou50,aurc_unc,selective_jf_80,n_rows,n_samples
object_token_det,frame_drop,5,all,0.3954446050893809,0.31760774602248476,0.3565261755559328,0.890846877673225,0.04431137724550898,0.0051325919589392645,0.09101796407185629,1.1100655831194752,0.0038410663347326892,0.06855094529443098,0.05966326740120948,0.0,0.9826206682616909,0.6343105773963852,,0.6363988022978299,0.6311743483168826,0.350762277841568,17535,3507
object_token_det,frame_drop,5,1,0.43335296704957893,0.3616977641222953,0.3975253655859372,0.9201596806387226,0.03364699173082407,0.0022811519817507843,0.07698887938408897,1.0952380952380953,0.0038410663347326892,0.06530674699707728,0.05943030852976586,0.0,0.9851111114823924,0.5669041633741925,,0.5659494403763513,0.588765505199918,0.39016100764274597,3507,3507
object_token_det,frame_drop,5,2,0.41542489713359804,0.34030251230798186,0.37786370472078995,0.9030510407755917,0.038209295694325636,0.0037068719703450244,0.08582834331337326,1.1017964071856288,0.0038410663347326892,0.06713650606772566,0.05955796739853626,0.0,0.9841302328378957,0.5946548767568448,,0.5949086603494257,0.6085687783802968,0.3705868422985077,3507,3507
object_token_det,frame_drop,5,3,0.394749736478297,0.31537998208289003,0.35506485928059345,0.8887938408896493,0.04818933561448532,0.0051325919589392645,0.09210151126318791,1.1129170230966638,0.0038410663347326892,0.06845138313402957,0.059674023728336974,0.0,0.9828926132110778,0.6355864688953784,,0.6375832427149659,0.6313753054663409,0.34908249974250793,3507,3507
object_token_det,frame_drop,5,4,0.375496009889521,0.2936577495255558,0.3345768797075384,0.8788138009694896,0.04961505560307956,0.006558311947533505,0.09666381522668947,1.1134873110921015,0.0038410663347326892,0.07007041689191063,0.05978225221184615,0.0,0.9813474334812518,0.672504278272178,,0.6762433604769874,0.6531342646607355,0.32936498522758484,3507,3507
object_token_det,frame_drop,5,5,0.3581994148959096,0.27700072207370074,0.31760006848480515,0.8634160250926718,0.05189620758483034,0.007984031936127744,0.10350727117194183,1.1268890789848873,0.0038410663347326892,0.07178967338141178,0.059871785137562174,0.0,0.9796219502958369,0.7019030996833325,,0.7073094352276739,0.6727257166281554,0.31358781456947327,3507,3507
