method,stress,max_h,h,iou,boundary_f,jf,ops,vanish,hallucination,split,components,mce,pred_area,gt_area,uncertainty,confidence,brier_iou50,uec,ece_iou50,aurc_unc,selective_jf_80,n_rows,n_samples
flow_warp,lowlight,5,all,0.6017164784192427,0.7385004218171214,0.6701084501181821,0.9259195893926433,0.02891360136869119,0.0050185343598517255,0.5375534644995723,8.001254633589962,0.0014899075909702005,0.05851790033524223,0.05966326740120948,0.0,1.0,0.3124037639007699,,0.31240373849868774,0.42932800321776066,0.6641268730163574,17535,3507
flow_warp,lowlight,5,1,0.7690458744174342,0.92717789008199,0.848111882249712,0.9749073282007413,0.010550327915597377,0.0022811519817507843,0.4881665240946678,7.944396920444825,0.0014899075909702005,0.05907336802090264,0.05943030852976586,0.0,1.0,0.11320216709438266,,0.11320215463638306,0.25156853267409596,0.8409734964370728,3507,3507
flow_warp,lowlight,5,2,0.6611933404744297,0.8243356384352688,0.7427644894548492,0.9478186484174508,0.01996007984031936,0.0037068719703450244,0.5067008839463929,7.966923296264613,0.0014899075909702005,0.05882961414720162,0.05955796739853626,0.0,1.0,0.2090105503279156,,0.2090105414390564,0.3650589771280323,0.7358236312866211,3507,3507
flow_warp,lowlight,5,3,0.5826737736079672,0.7254930966536242,0.6540834351307957,0.9247219846022241,0.02623324779013402,0.0051325919589392645,0.5346449957228401,7.987738808098089,0.0014899075909702005,0.05854713873344581,0.059674023728336974,0.0,1.0,0.3213572854291417,,0.3213573098182678,0.44870186460638695,0.6476237773895264,3507,3507
flow_warp,lowlight,5,4,0.5225509375286889,0.6425563478696011,0.5825536426991451,0.9016253207869974,0.038209295694325636,0.006273167949814656,0.5634445394924437,8.026518391787853,0.0014899075909702005,0.05823558735703197,0.05978225221184615,0.0,1.0,0.42087254063301965,,0.4208725690841675,0.5136470161319573,0.5763546228408813,3507,3507
flow_warp,lowlight,5,5,0.47311846606769375,0.5729391360451236,0.5230288010564087,0.8805246649558027,0.04961505560307956,0.007698887938408896,0.5948103792415169,8.080695751354433,0.0014899075909702005,0.05790379341762903,0.059871785137562174,0.0,1.0,0.4975762760193898,,0.4975762963294983,0.5671765848899059,0.5170603394508362,3507,3507
