method,stress,max_h,h,iou,boundary_f,jf,ops,vanish,hallucination,split,components,mce,pred_area,gt_area,uncertainty,confidence,brier_iou50,uec,ece_iou50,aurc_unc,selective_jf_80,n_rows,n_samples
convlstm_base,lowlight,5,all,0.6411714661017585,0.7015048274515939,0.6713381467766762,0.9539207299686342,0.02429426860564585,0.002452238380382093,0.30630168234958655,1.6637581978899345,0.003392176869543585,0.06665762287429111,0.05966326740120948,0.0,0.9911680266698746,0.23645881779825445,,0.23302721350084926,0.39078181709422793,0.6644710302352905,17535,3507
convlstm_base,lowlight,5,1,0.7803940014600189,0.9011137106531758,0.8407538560565972,0.986883376104933,0.009694895922440832,0.000855431993156544,0.32620473339036216,1.917593384659253,0.003392176869543585,0.06205846151199585,0.05943030852976586,0.0,0.9962146020459082,0.09678286026779798,,0.09344875812530518,0.2445721070305448,0.8325902819633484,3507,3507
convlstm_base,lowlight,5,2,0.6923174222528126,0.7892873216264241,0.7408023719396184,0.9706301682349586,0.015968063872255488,0.001996007984031936,0.32591958939264326,1.7576276019389792,0.003392176869543585,0.06467508157048997,0.05955796739853626,0.0,0.99354750320787,0.1539737564361024,,0.14980639274690713,0.3346194290341338,0.7329404354095459,3507,3507
convlstm_base,lowlight,5,3,0.6271787145725809,0.6897801151239509,0.6584794148482659,0.9520958083832335,0.0213857998289136,0.0025662959794696323,0.31394354148845166,1.6321642429426861,0.003392176869543585,0.06660005881094953,0.059674023728336974,0.0,0.9910956546727973,0.2400867882568951,,0.2363194920991539,0.40455857679359636,0.6507230401039124,3507,3507
convlstm_base,lowlight,5,4,0.5744774364318085,0.6030382873477714,0.5887578618897901,0.9369831765041345,0.03307670373538637,0.003136583974907328,0.2968349016253208,1.5523239235814086,0.003392176869543585,0.06870831749200013,0.05978225221184615,0.0,0.9887027006255347,0.31362703603184866,,0.3103451810401153,0.4617627643830531,0.5818623304367065,3507,3507
convlstm_base,lowlight,5,5,0.5314897557915713,0.5243047025066474,0.5278972291491094,0.9230111206159111,0.04134587966923296,0.0037068719703450244,0.2686056458511548,1.4590818363273452,0.003392176869543585,0.07124619498602003,0.059871785137562174,0.0,0.9862796727972626,0.37782364799862816,,0.37521608490395963,0.5080225668444024,0.521895170211792,3507,3507
