method,stress,max_h,h,iou,boundary_f,jf,ops,vanish,hallucination,split,components,mce,pred_area,gt_area,uncertainty,confidence,brier_iou50,uec,ece_iou50,aurc_unc,selective_jf_80,n_rows,n_samples
flow_warp,blur,5,all,0.6005990841369363,0.7365512521868002,0.6685751681618681,0.9252352437981181,0.029883090960935273,0.0051325919589392645,0.5372683205018535,7.985058454519533,0.001598748846233947,0.0585556379799924,0.05966326740120948,0.0,1.0,0.3141716566866267,,0.3141716718673706,0.4305318828654173,0.662588894367218,17535,3507
flow_warp,blur,5,1,0.768973898020248,0.9266194963079671,0.8477966971641077,0.9731964642144283,0.00998003992015968,0.0022811519817507843,0.4913031080695751,7.933561448531508,0.001598748846233947,0.059063552272934285,0.05943030852976586,0.0,1.0,0.11405759908753921,,0.11405760049819946,0.25168038852381497,0.8406370282173157,3507,3507
flow_warp,blur,5,2,0.6604136128534848,0.8227086922883455,0.7415611525709151,0.9463929284288566,0.019389791844881665,0.0037068719703450244,0.5078414599372684,7.936698032506416,0.001598748846233947,0.05882862406387621,0.05955796739853626,0.0,1.0,0.2107214143142287,,0.2107214331626892,0.3657323007921685,0.7345748543739319,3507,3507
flow_warp,blur,5,3,0.5815260002343277,0.7239381122415827,0.6527320562379553,0.9241516966067864,0.026803535785571715,0.0051325919589392645,0.5315084117479327,7.963501568291988,0.001598748846233947,0.05857271072933498,0.059674023728336974,0.0,1.0,0.32164242942686055,,0.3216424584388733,0.44975254196588177,0.6463389992713928,3507,3507
flow_warp,blur,5,4,0.5208104244104039,0.6395526350286446,0.5801815297195243,0.9021956087824351,0.03992015968063872,0.006558311947533505,0.564870259481038,8.013116623895067,0.001598748846233947,0.05829934717618335,0.05978225221184615,0.0,1.0,0.4228685486170516,,0.422868549823761,0.5156859648232781,0.5738937258720398,3507,3507
flow_warp,blur,5,5,0.4712714851662171,0.5699373250674603,0.5206044051168388,0.8802395209580839,0.05332192757342458,0.007984031936127744,0.590818363273453,8.078414599372683,0.001598748846233947,0.05801395565763315,0.059871785137562174,0.0,1.0,0.5015682919874537,,0.5015683174133301,0.5693094414849268,0.5146633386611938,3507,3507
