method,stress,max_h,h,iou,boundary_f,jf,ops,vanish,hallucination,split,components,mce,pred_area,gt_area,uncertainty,confidence,brier_iou50,uec,ece_iou50,aurc_unc,selective_jf_80,n_rows,n_samples
safeobjworld_r_det,lowlight,5,all,0.6387700646993918,0.6956220151650203,0.6671960399322061,0.9516966067864271,0.02440832620473339,0.002737382378100941,0.2924436840604505,1.60045623039635,0.003049551394005415,0.06648816237812075,0.05966326740120948,0.0,0.991728317917736,0.23497619443990786,,0.23147743682015612,0.394577667759468,0.6601818203926086,17535,3507
safeobjworld_r_det,lowlight,5,1,0.7747089504890274,0.8929856920277063,0.8338473212583668,0.9860279441117764,0.010265183917878529,0.000855431993156544,0.31736526946107785,1.8514399771884802,0.003049551394005415,0.06254598472944983,0.05943030852976586,0.0,0.9961896797922013,0.09930999829009757,,0.09599006175994873,0.2516009778263923,0.8258883953094482,3507,3507
safeobjworld_r_det,lowlight,5,2,0.6893750608810016,0.7839286133108768,0.7366518370959391,0.9720558882235529,0.015968063872255488,0.001996007984031936,0.3073852295409182,1.6498431708012546,0.003049551394005415,0.0644768869998099,0.05955796739853626,0.0,0.9937314266556173,0.15724103601018963,,0.15312691128488481,0.33885462994100146,0.7282649278640747,3507,3507
safeobjworld_r_det,lowlight,5,3,0.6245781705386081,0.6819690102681403,0.6532735904033742,0.951240376390077,0.023666951810664385,0.003136583974907328,0.29597946963216426,1.571998859424009,0.003049551394005415,0.06632187633661249,0.059674023728336974,0.0,0.9916392104184488,0.234788020927749,,0.23087504775496265,0.40830309670464654,0.6450533866882324,3507,3507
safeobjworld_r_det,lowlight,5,4,0.5738911860702648,0.5967812653714626,0.5853362257208636,0.9301397205588823,0.031936127744510975,0.003136583974907328,0.2791559737667522,1.493299116053607,0.003049551394005415,0.06840498071317681,0.05978225221184615,0.0,0.9895567403140149,0.3087106262954307,,0.30521110132748763,0.4636378159069746,0.5783356428146362,3507,3507
safeobjworld_r_det,lowlight,5,5,0.5312969555180567,0.5224454948469156,0.5268712251824862,0.9190191046478472,0.04020530367835757,0.004562303963501569,0.2623324779013402,1.4357000285143997,0.003049551394005415,0.07069108311155467,0.059871785137562174,0.0,0.9875245324083974,0.37483129067607235,,0.3721837584775909,0.5095018456746667,0.5210715532302856,3507,3507
