method,stress,max_h,h,iou,boundary_f,jf,ops,vanish,hallucination,split,components,mce,pred_area,gt_area,uncertainty,confidence,brier_iou50,uec,ece_iou50,aurc_unc,selective_jf_80,n_rows,n_samples
safeobjworld_r_det,distractor,5,all,0.64024963744243,0.6981487672574685,0.6691992023499493,0.9552894211576847,0.025320786997433703,0.0025662959794696323,0.2809808953521528,1.595038494439692,0.002839242517691471,0.06631144023956055,0.05966326740120948,0.0,0.9918687736134874,0.23451165032583932,,0.23116170870533756,0.39313845412554654,0.6628293991088867,17535,3507
safeobjworld_r_det,distractor,5,1,0.7755711057789902,0.8957269500488373,0.8356490279139137,0.9843170801254634,0.010835471913316224,0.000855431993156544,0.3105218135158255,1.8528656971770745,0.002839242517691471,0.062467095199481994,0.05943030852976586,0.0,0.9962008182296122,0.09895351444991661,,0.09571605920791626,0.2500874270748923,0.8279922008514404,3507,3507
safeobjworld_r_det,distractor,5,2,0.6902694086659527,0.7853223743377401,0.7377958915018464,0.9717707442258341,0.017964071856287425,0.001710863986313088,0.2954091816367265,1.645280866837753,0.002839242517691471,0.06432584514750261,0.05955796739853626,0.0,0.9938333433579271,0.15664882927767598,,0.1526585349269766,0.3385518307585681,0.7298209071159363,3507,3507
safeobjworld_r_det,distractor,5,3,0.6265447916594856,0.6843588038713051,0.6554517977653953,0.9552323923581408,0.02480752780153978,0.0025662959794696323,0.28771029369831763,1.5717137154262903,0.002839242517691471,0.06616371052537781,0.059674023728336974,0.0,0.991810603124109,0.2344729693689882,,0.23076127270262634,0.4072558538073985,0.6476894021034241,3507,3507
safeobjworld_r_det,distractor,5,4,0.5756749765078024,0.5993379327215737,0.587506454614688,0.93812375249501,0.03421727972626176,0.003136583974907328,0.26575420587396636,1.48759623609923,0.002839242517691471,0.0681892044284447,0.05978225221184615,0.0,0.9897625229451811,0.3094575428235283,,0.3062723679932768,0.4619022839602283,0.5815207958221436,3507,3507
safeobjworld_r_det,distractor,5,5,0.533187904599919,0.5259977753078865,0.5295928399539027,0.9270031365839749,0.03877958368976333,0.004562303963501569,0.24550898203592814,1.4177359566581123,0.002839242517691471,0.0704113458969957,0.059871785137562174,0.0,0.9877365804106074,0.37302539570908755,,0.3703998105288708,0.5073203113280477,0.5249493718147278,3507,3507
