method,stress,max_h,h,iou,boundary_f,jf,ops,vanish,hallucination,split,components,mce,pred_area,gt_area,uncertainty,confidence,brier_iou50,uec,ece_iou50,aurc_unc,selective_jf_80,n_rows,n_samples
safeobjworld_r_det,blur,5,all,0.6398852202813446,0.6972818171429105,0.6685835187121276,0.9548331907613344,0.02600513259195894,0.0025092671799258628,0.2804676361562589,1.5926432848588536,0.002870560431748072,0.06636471909850933,0.05966326740120948,0.0,0.9918023606804248,0.23493048645065218,,0.23155138791372268,0.39351028483356204,0.6620072722434998,17535,3507
safeobjworld_r_det,blur,5,1,0.7754900962417504,0.895561606407832,0.8355258513247912,0.984887368120901,0.010835471913316224,0.000855431993156544,0.3110921015112632,1.8534359851725122,0.002870560431748072,0.06249340202283924,0.05943030852976586,0.0,0.9961880090265897,0.09895056368858005,,0.09570324420928955,0.25014496679481013,0.827826201915741,3507,3507
safeobjworld_r_det,blur,5,2,0.6898982575564722,0.7848519309430052,0.7373750942497385,0.9717707442258341,0.018249215854006275,0.001710863986313088,0.2934131736526946,1.645566010835472,0.002870560431748072,0.06436538660031128,0.05955796739853626,0.0,0.9937836380809809,0.1583311033616013,,0.15431969817425065,0.3390021215994173,0.7292703986167908,3507,3507
safeobjworld_r_det,blur,5,3,0.6259355275404728,0.6831133554515022,0.6545244414959873,0.9546621043627032,0.025377815796977475,0.0025662959794696323,0.28457370972341034,1.5714285714285714,0.002870560431748072,0.06620891401720368,0.059674023728336974,0.0,0.9917347225192472,0.2344163693965654,,0.230685377464289,0.4079264697047048,0.6464663743972778,3507,3507
safeobjworld_r_det,blur,5,4,0.5751736669028293,0.5980218046196248,0.586597735761227,0.9372683205018535,0.034787567721699456,0.003136583974907328,0.2666096378671229,1.4807527801539777,0.002870560431748072,0.06824992438238602,0.05978225221184615,0.0,0.989676060824779,0.3111571973295405,,0.30789673144843865,0.46226834261863714,0.5804504156112671,3507,3507
safeobjworld_r_det,blur,5,5,0.5329285531651985,0.5248603882925886,0.5288944707288935,0.9255774165953806,0.04077559167379527,0.00427715996578272,0.24664955802680352,1.4120330767037355,0.002870560431748072,0.07050596846980642,0.059871785137562174,0.0,0.9876293729505276,0.37179719847697357,,0.36915204590938017,0.5075903140768425,0.5238345861434937,3507,3507
