method,stress,max_h,h,iou,boundary_f,jf,ops,vanish,hallucination,split,components,mce,pred_area,gt_area,uncertainty,confidence,brier_iou50,uec,ece_iou50,aurc_unc,selective_jf_80,n_rows,n_samples
linear_centroid,clean,5,all,0.593941043518728,0.7243995905004732,0.6591703170096006,0.9232392358140861,0.03136583974907328,0.0051325919589392645,0.4771029369831765,7.846250356429997,0.00027620757719704926,0.05856825535437062,0.05966326740120948,0.0,1.0,0.3154833190761335,,0.31548333168029785,0.4388348860039141,0.6537544131278992,17535,3507
linear_centroid,clean,5,1,0.7572137561646013,0.9217630415955398,0.8394883988800705,0.9697747362418021,0.010835471913316224,0.0022811519817507843,0.478471628172227,7.966638152266895,0.00027620757719704926,0.05910800546724013,0.05943030852976586,0.0,1.0,0.11491303108069575,,0.11491304636001587,0.26440977070478505,0.833229124546051,3507,3507
linear_centroid,clean,5,2,0.6492831573809033,0.8086360411893815,0.7289595992851423,0.9435414884516681,0.020815511833475905,0.0037068719703450244,0.47790134017678926,7.9019104647847165,0.00027620757719704926,0.05888646658815306,0.05955796739853626,0.0,1.0,0.21785001425719988,,0.21785002946853638,0.37875614396947854,0.7229354381561279,3507,3507
linear_centroid,clean,5,3,0.5745200642700707,0.708147749067199,0.641333906668635,0.9210151126318791,0.03136583974907328,0.0051325919589392645,0.47704590818363274,7.846307385229541,0.00027620757719704926,0.05861021787031096,0.059674023728336974,0.0,1.0,0.32164242942686055,,0.3216424584388733,0.45883659684021655,0.6355237364768982,3507,3507
linear_centroid,clean,5,4,0.5177187898994896,0.6259535998962882,0.571836194897889,0.9010550327915597,0.04305674365554605,0.006558311947533505,0.4759053321927573,7.78471628172227,0.00027620757719704926,0.0582935072315686,0.05978225221184615,0.0,1.0,0.42115768463073855,,0.4211576581001282,0.5208658926729683,0.5657274127006531,3507,3507
linear_centroid,clean,5,5,0.47096944987857514,0.5574975207539574,0.5142334853162663,0.8808098089535216,0.05075563159395495,0.007984031936127744,0.47619047619047616,7.731679498146564,0.00027620757719704926,0.05794307961458037,0.059871785137562174,0.0,1.0,0.5018534359851725,,0.5018534660339355,0.5715751599688594,0.5086480379104614,3507,3507
