method,stress,max_h,h,iou,boundary_f,jf,ops,vanish,hallucination,split,mce,uncertainty,confidence,uec,ece_iou50,n_rows,n_samples
safeobj_full,frame_drop,5,all,0.3441239856077081,0.26913344416769536,0.30662871488770177,0.8632449386940405,0.04128885086968919,0.0050185343598517255,0.08520102651839179,0.008552286364416278,0.0004002789668293089,0.9779988254989557,-0.3147519632337924,0.7394473447669154,17535,3507
safeobj_full,frame_drop,5,1,0.371489232313385,0.29190287320615355,0.33169605275976927,0.8808098089535216,0.033361847733105215,0.0022811519817507843,0.06700883946392928,0.008552286364416278,0.000386451490443084,0.9795599283572443,-0.3527918101865764,0.6881427555842926,3507,3507
safeobj_full,frame_drop,5,2,0.3583350445581988,0.2806068296599394,0.31947093710906915,0.8745366410037069,0.03507271171941831,0.0037068719703450244,0.08696891930424865,0.008552286364416278,0.0003881432353242849,0.9788961396415858,-0.35055545917128816,0.7168487370575056,3507,3507
safeobj_full,frame_drop,5,3,0.3436994262674656,0.26883003880081324,0.3062647325341394,0.8654120330767038,0.04220131166238951,0.0051325919589392645,0.09352723125178215,0.008552286364416278,0.00039775359702545315,0.9780676407728367,-0.31145079784348256,0.7448199182655317,3507,3507
safeobj_full,frame_drop,5,4,0.3300844876840091,0.2574049475632623,0.2937447176236357,0.8548617051611064,0.04448246364414029,0.006273167949814656,0.09409751924721985,0.008552286364416278,0.0004091138920780631,0.9771711359446906,-0.3016645931930658,0.7678753222737994,3507,3507
safeobj_full,frame_drop,5,5,0.31701173721548204,0.24692253160830846,0.28196713441189525,0.840604505275164,0.05132591958939264,0.007698887938408896,0.08440262332477902,0.008552286364416278,0.00041993261927565927,0.9762992827784209,-0.29515149061688284,0.7795499051640372,3507,3507
