method,stress,max_h,h,iou,boundary_f,jf,ops,vanish,hallucination,split,components,mce,pred_area,gt_area,uncertainty,confidence,brier_iou50,uec,ece_iou50,aurc_unc,selective_jf_80,n_rows,n_samples
convlstm_stress,distractor,5,all,0.6403070072050069,0.7012269910385797,0.6707669991217933,0.9556315939549472,0.025377815796977475,0.0026233247790134018,0.27989734816082124,1.5900199600798404,0.002909732028460033,0.0658179022659047,0.05966326740120948,0.0,0.9920204512849301,0.23550163452054892,,0.23205462727819987,0.39298559496184166,0.6639840006828308,17535,3507
convlstm_stress,distractor,5,1,0.7761058668755718,0.8962949440089879,0.8362004054422797,0.9857428001140576,0.010835471913316224,0.000855431993156544,0.31023666951810663,1.8394639292842885,0.002909732028460033,0.06221501070280075,0.05943030852976586,0.0,0.9961536191010836,0.0995568823943561,,0.09623914957046509,0.24967894059364296,0.8279871344566345,3507,3507
convlstm_stress,distractor,5,2,0.690246061067287,0.7871030721028338,0.7386745665850606,0.9717707442258341,0.016538351867693184,0.001996007984031936,0.2925577416595381,1.6504134587966923,0.002909732028460033,0.06407686239623926,0.05955796739853626,0.0,0.9938085603346878,0.1587589385334773,,0.15462977479317946,0.3386719856222174,0.7298404574394226,3507,3507
convlstm_stress,distractor,5,3,0.6262097685041145,0.686546297168265,0.6563780328361897,0.9546621043627032,0.025092671799258625,0.0025662959794696323,0.2831479897348161,1.5543199315654406,0.002909732028460033,0.06569855700305738,0.059674023728336974,0.0,0.9918781299009125,0.23438120853673164,,0.23054360651650388,0.40732120352984885,0.6483225226402283,3507,3507
convlstm_stress,distractor,5,4,0.5755962156505008,0.6042467702198343,0.5899214929351676,0.9392643284858854,0.03307670373538637,0.003136583974907328,0.2708867978329056,1.4944396920444825,0.002909732028460033,0.06754574308723822,0.05978225221184615,0.0,0.9900384777320359,0.31096461813844845,,0.3076889045496153,0.4620371044924348,0.583506166934967,3507,3507
convlstm_stress,distractor,5,5,0.5333771239275603,0.5319438716929775,0.5326604978102688,0.9267179925862561,0.04134587966923296,0.004562303963501569,0.24265754205873966,1.4114627887082978,0.002909732028460033,0.06955333814018788,0.059871785137562174,0.0,0.988223469355931,0.3738465249997311,,0.3711718124543835,0.5069417338906962,0.5280125737190247,3507,3507
