method,stress,max_h,h,iou,boundary_f,jf,ops,vanish,hallucination,split,mce,uncertainty,confidence,uec,ece_iou50,n_rows,n_samples
safeobj_no_stress,blur,5,all,0.35724725130245055,0.28391696901281466,0.32058211015763255,0.8619332763045338,0.0602224123182207,0.0050185343598517255,0.11417165668662675,0.008116659895295702,0.0003889264184949624,0.9807869537351884,-0.3014537838237061,0.7113258649999,17535,3507
safeobj_no_stress,blur,5,1,0.39367822173374845,0.3194003436942923,0.3565392827140204,0.8819503849443969,0.04875962360992301,0.0022811519817507843,0.09694895922440833,0.008116659895295702,0.0003948329032710612,0.9833203259614379,-0.3262511201453385,0.6457098163632474,3507,3507
safeobj_no_stress,blur,5,2,0.37486121036426345,0.2981962045592143,0.3365287074617389,0.8819503849443969,0.05332192757342458,0.0037068719703450244,0.10322212717422298,0.008116659895295702,0.0003845082557263732,0.9820089153424947,-0.3098889149782544,0.687170028397593,3507,3507
safeobj_no_stress,blur,5,3,0.35597328876174733,0.28125869850870994,0.3186159936352286,0.8654120330767038,0.05902480752780154,0.004847447961220416,0.1157684630738523,0.008116659895295702,0.0003846637125117132,0.9807282685213766,-0.30172206807823,0.7183958035029336,3507,3507
safeobj_no_stress,blur,5,4,0.3387323140098042,0.26698870471714187,0.3028605093634731,0.8448816652409467,0.06501283147989735,0.006273167949814656,0.12631879098944968,0.008116659895295702,0.000387454033698396,0.9795138593545353,-0.283680423180037,0.7411334840939329,3507,3507
safeobj_no_stress,blur,5,5,0.3229912216426891,0.25374089358471474,0.28836605761370193,0.8354719133162247,0.07499287140005703,0.007984031936127744,0.12859994297120045,0.008116659895295702,0.00039317318726726856,0.9783633994960975,-0.30023130947759186,0.7642202119321473,3507,3507
