method,stress,max_h,h,iou,boundary_f,jf,ops,vanish,hallucination,split,components,mce,pred_area,gt_area,uncertainty,confidence,brier_iou50,uec,ece_iou50,aurc_unc,selective_jf_80,n_rows,n_samples
flow_linear_fallback,distractor,5,all,0.6057330658617245,0.743621855825444,0.6746774608435843,0.9284288565725691,0.028970630168234958,0.0051325919589392645,0.5206159110350728,7.941374394069005,0.0034175337876751533,0.05849417082254143,0.05966326740120948,0.0,1.0,0.3057884231536926,,0.30578839778900146,0.42587428350932627,0.6687085032463074,17535,3507
flow_linear_fallback,distractor,5,1,0.7661741880329451,0.9239763629731302,0.8450752755030376,0.973766752209866,0.010835471913316224,0.0022811519817507843,0.4893071000855432,7.943826632449387,0.0034175337876751533,0.05904173949967129,0.05943030852976586,0.0,1.0,0.11491303108069575,,0.11491304636001587,0.255989430522055,0.8379490971565247,3507,3507
flow_linear_fallback,distractor,5,2,0.65777882988778,0.8194305033723631,0.7386046666300715,0.9472483604220131,0.019674935842600515,0.0037068719703450244,0.5075563159395494,7.946963216424295,0.0034175337876751533,0.058765978088465926,0.05955796739853626,0.0,1.0,0.21243227830054176,,0.21243226528167725,0.3700196240193357,0.731753945350647,3507,3507
flow_linear_fallback,distractor,5,3,0.5796209837876208,0.7215373444297488,0.6505791641086848,0.9247219846022241,0.028229255774165955,0.0051325919589392645,0.5369261477045908,7.990875392072997,0.0034175337876751533,0.05844331921474511,0.059674023728336974,0.0,1.0,0.32506415739948674,,0.32506418228149414,0.4534212069278819,0.6442649960517883,3507,3507
flow_linear_fallback,distractor,5,4,0.5340349974823042,0.6577135697060431,0.5958742835941737,0.9087539207299686,0.03992015968063872,0.006558311947533505,0.5346449957228401,7.944111776447106,0.0034175337876751533,0.05823859628213811,0.05978225221184615,0.0,1.0,0.4026233247790134,,0.4026232957839966,0.5016354290914031,0.5897407531738281,3507,3507
flow_linear_fallback,distractor,5,5,0.4910563301179722,0.5954514986459344,0.5432539143819534,0.8876532648987738,0.046193327630453376,0.007984031936127744,0.5346449957228401,7.881094952951241,0.0034175337876751533,0.05798122102768669,0.059871785137562174,0.0,1.0,0.4739093242087254,,0.47390931844711304,0.5479378035718201,0.5372872352600098,3507,3507
