method,stress,max_h,h,iou,boundary_f,jf,ops,vanish,hallucination,split,components,mce,pred_area,gt_area,uncertainty,confidence,brier_iou50,uec,ece_iou50,aurc_unc,selective_jf_80,n_rows,n_samples
object_token_det,occlusion,5,all,0.38609903534604306,0.3180425570405843,0.35207079619331366,0.8897633304818934,0.046535500427715995,0.0050185343598517255,0.1011120615911035,1.1293413173652695,0.0037324200059330225,0.0614195824001798,0.05966326740120948,0.0,0.9835239119974337,0.6631660971302982,,0.6659875549888014,0.6397456974384359,0.346999853849411,17535,3507
object_token_det,occlusion,5,1,0.4204994404509933,0.3589468168488287,0.389723128649911,0.9190191046478472,0.03592814371257485,0.0022811519817507843,0.08753920729968634,1.1089250071285999,0.0037324200059330225,0.05886934124063381,0.05943030852976586,0.0,0.9857723169731964,0.5954065699505269,,0.5956953149049887,0.59913537542096,0.3835195004940033,3507,3507
object_token_det,occlusion,5,2,0.40441633869682925,0.33852359853321395,0.3714699686150215,0.9033361847733106,0.041916167664670656,0.0037068719703450244,0.09609352723125178,1.1214713430282293,0.0037324200059330225,0.0602513041872604,0.05955796739853626,0.0,0.9849146572925578,0.627850557549713,,0.6290549424288108,0.6183535498035054,0.36536574363708496,3507,3507
object_token_det,occlusion,5,3,0.3857855879661702,0.3159380620003373,0.3508618249832538,0.8885086968919305,0.04875962360992301,0.004847447961220416,0.10550327915597377,1.137154262902766,0.0037324200059330225,0.06123900512467129,0.059674023728336974,0.0,0.9837866120437696,0.6680492844920163,,0.6706984767656841,0.6396797926981302,0.3454500138759613,3507,3507
object_token_det,occlusion,5,4,0.36771121040263294,0.29579723711568434,0.33175422375915864,0.8768177929854577,0.05246649558026804,0.006558311947533505,0.10293698317650414,1.133162246934702,0.0037324200059330225,0.06259303689248487,0.05978225221184615,0.0,0.9823689674222983,0.7030128396607751,,0.7072049622050302,0.6608372683982312,0.3269541561603546,3507,3507
object_token_det,occlusion,5,5,0.3520825992135898,0.2810070707048574,0.3165448349592236,0.861134873110921,0.05360707157114343,0.007698887938408896,0.11348731109210151,1.1459937268320501,0.0037324200059330225,0.06414522455584862,0.059871785137562174,0.0,0.9807770062553465,0.72151123399846,,0.7272839921813152,0.6792760115374439,0.3127109110355377,3507,3507
