method,stress,max_h,h,iou,boundary_f,jf,ops,vanish,hallucination,split,components,mce,pred_area,gt_area,uncertainty,confidence,brier_iou50,uec,ece_iou50,aurc_unc,selective_jf_80,n_rows,n_samples
copy_last,frame_drop,5,all,0.5646566328699503,0.6887519516166893,0.6267042922433199,0.9219846022241232,0.03341887653264899,0.0051325919589392645,0.47818648417450815,8.023666951810664,0.0,0.059283783932630764,0.05966326740120948,0.0,1.0,0.3661819218705446,,0.3661819100379944,0.4901883078988218,0.6213588714599609,17535,3507
copy_last,frame_drop,5,1,0.7252137853728934,0.8932243461124351,0.8092190657426642,0.9669232962646136,0.01454234388366125,0.0022811519817507843,0.47818648417450815,8.023666951810664,0.0,0.05928378393263077,0.05943030852976586,0.0,1.0,0.13401767892785857,,0.1340177059173584,0.3131678264413646,0.8018372654914856,3507,3507
copy_last,frame_drop,5,2,0.6143932727315377,0.7606145497496986,0.6875039112406182,0.9455374964357001,0.024522383803820928,0.0037068719703450244,0.47818648417450815,8.023666951810664,0.0,0.05928378393263077,0.05955796739853626,0.0,1.0,0.27060165383518675,,0.27060163021087646,0.43568323088933686,0.6796790361404419,3507,3507
copy_last,frame_drop,5,3,0.5425747018731429,0.6637367799055733,0.6031557408893582,0.9204448246364414,0.033932135728542916,0.0051325919589392645,0.47818648417450815,8.023666951810664,0.0,0.05928378393263077,0.059674023728336974,0.0,1.0,0.397775876817793,,0.39777588844299316,0.5148208799090521,0.596693217754364,3507,3507
copy_last,frame_drop,5,4,0.49062773288659633,0.5909672286703824,0.5407974807784893,0.8990590248075278,0.0427715996578272,0.006558311947533505,0.47818648417450815,8.023666951810664,0.0,0.05928378393263077,0.05978225221184615,0.0,1.0,0.4836042201311662,,0.48360419273376465,0.5711257826088915,0.5362660884857178,3507,3507
copy_last,frame_drop,5,5,0.45047367148558065,0.5352168536453579,0.49284526256546923,0.8779583689763331,0.05132591958939264,0.007984031936127744,0.47818648417450815,8.023666951810664,0.0,0.05928378393263077,0.059871785137562174,0.0,1.0,0.5449101796407185,,0.544910192489624,0.6135599526350235,0.4902021288871765,3507,3507
