method,stress,max_h,h,iou,boundary_f,jf,ops,vanish,hallucination,split,components,mce,pred_area,gt_area,uncertainty,confidence,brier_iou50,uec,ece_iou50,aurc_unc,selective_jf_80,n_rows,n_samples
convlstm_base,clean,5,all,0.6434221531159178,0.7055311739964358,0.6744766635561769,0.9537496435700028,0.02714570858283433,0.002338180781294554,0.2934131736526946,1.6502994011976049,0.003117616249508211,0.06532410130136553,0.05966326740120948,0.0,0.99187108483925,0.2328721922756703,,0.22968121927485427,0.3893943896865795,0.667464554309845,17535,3507
convlstm_base,clean,5,1,0.7808060291817176,0.9017069744419246,0.8412565018118211,0.9828913601368692,0.01283147989734816,0.000855431993156544,0.31679498146564017,1.859138865126889,0.003117616249508211,0.06115216398799623,0.05943030852976586,0.0,0.9963659455642286,0.09652736345383052,,0.09331494569778442,0.2450461085593876,0.8323103785514832,3507,3507
convlstm_base,clean,5,2,0.6939775124315449,0.7926212392983141,0.7432993758649294,0.9689193042486456,0.019389791844881665,0.001710863986313088,0.31137724550898205,1.7182777302537782,0.003117616249508211,0.06333644250437617,0.05955796739853626,0.0,0.9940693390005703,0.15521743938662505,,0.15146880893242268,0.333565823528614,0.7352728843688965,3507,3507
convlstm_base,clean,5,3,0.62953127387304,0.6939586991718204,0.6617449865224302,0.9555175363558597,0.02594810379241517,0.0022811519817507843,0.3011120615911035,1.6375819788993442,0.003117616249508211,0.06516439157894528,0.059674023728336974,0.0,0.991859194557314,0.23733845007259824,,0.23394644975934167,0.4030482863724291,0.6538189649581909,3507,3507
convlstm_base,clean,5,4,0.5781033728298792,0.6082863331819417,0.5931948530059105,0.9375534644995723,0.034787567721699456,0.00285143997718848,0.28200741374394067,1.558882235528942,0.003117616249508211,0.0672591294345832,0.05978225221184615,0.0,0.9896597708600656,0.30836038797507437,,0.30531417932610994,0.4591246179609477,0.5862934589385986,3507,3507
convlstm_base,clean,5,5,0.5346925772634069,0.5310826238881786,0.5328876005757928,0.9238665526090676,0.0427715996578272,0.003992015968063872,0.2557741659538067,1.4776161961790704,0.003117616249508211,0.06970837900092672,0.059871785137562174,0.0,0.9874011742140718,0.36691732049022335,,0.36436156768352856,0.505786564282064,0.5273478031158447,3507,3507
