method,stress,max_h,h,iou,boundary_f,jf,ops,vanish,hallucination,split,components,mce,pred_area,gt_area,uncertainty,confidence,brier_iou50,uec,ece_iou50,aurc_unc,selective_jf_80,n_rows,n_samples
linear_centroid_scale,frame_drop,5,all,0.4877555755301147,0.5767255279003523,0.5322405517152334,0.8634160250926718,0.06974622184203022,0.004391217564870259,0.4627887082976903,7.334759053321927,0.0024691634273416255,0.060184212118916926,0.05966326740120948,0.0,1.0,0.47915597376675223,,0.479155957698822,0.5530130690447504,0.5281761884689331,17535,3507
linear_centroid_scale,frame_drop,5,1,0.6752041681944402,0.8476376776772303,0.7614209229358352,0.9483889364128885,0.020245223838038208,0.0022811519817507843,0.4739093242087254,7.751924721984603,0.0024691634273416255,0.05920263577507683,0.05943030852976586,0.0,1.0,0.18505845451953237,,0.18505847454071045,0.35979249516364226,0.754133403301239,3507,3507
linear_centroid_scale,frame_drop,5,2,0.5480085262256637,0.663787622791737,0.6058980745087004,0.9093242087254063,0.04020530367835757,0.003136583974907328,0.46877673224978617,7.532934131736527,0.0024691634273416255,0.05947060028009457,0.05955796739853626,0.0,1.0,0.36897633304818933,,0.368976354598999,0.4929376050724249,0.5998915433883667,3507,3507
linear_centroid_scale,frame_drop,5,3,0.4633503236957757,0.537122374882656,0.5002363492892159,0.8645566010835471,0.06301682349586542,0.004562303963501569,0.4639292842885657,7.327630453378957,0.0024691634273416255,0.059988189543531974,0.059674023728336974,0.0,1.0,0.5181066438551468,,0.5181066393852234,0.5795174759230568,0.4956638813018799,3507,3507
linear_centroid_scale,frame_drop,5,4,0.40089613956212766,0.4503805667345047,0.4256383531483163,0.8192187054462503,0.09153122326775022,0.005417735956658112,0.45737097234103224,7.130310806957514,0.0024691634273416255,0.060701761160219254,0.05978225221184615,0.0,1.0,0.6224693470202453,,0.6224693059921265,0.6417067083933576,0.4222615361213684,3507,3507
linear_centroid_scale,frame_drop,5,5,0.35131871997256586,0.3846993974156336,0.3680090586940998,0.7755916737952666,0.13373253493013973,0.006558311947533505,0.4499572284003422,6.930995152552039,0.0024691634273416255,0.061557873835662004,0.059871785137562174,0.0,1.0,0.7011690903906472,,0.7011691331863403,0.6904055486170664,0.36587849259376526,3507,3507
