method,stress,max_h,h,iou,boundary_f,jf,ops,vanish,hallucination,split,mce,uncertainty,confidence,uec,ece_iou50,n_rows,n_samples
safeobj_det,blur,5,all,0.361378651590665,0.2917906426167567,0.3265846471037108,0.8484744796122041,0.06467065868263473,0.0051325919589392645,0.12015968063872255,0.003901562931517587,0.0,0.9818886422043619,,0.674446377021348,17535,3507
safeobj_det,blur,5,1,0.3961697160635416,0.3249319190148253,0.3605508175391835,0.8625605930995153,0.06529797547761619,0.0022811519817507843,0.12432278300541774,0.003901562931517587,0.0,0.9846405663278186,,0.60140703354665,3507,3507
safeobj_det,blur,5,2,0.37844642426215164,0.3071289847671707,0.3427877045146611,0.8557171371542629,0.06957513544339891,0.0037068719703450244,0.1157684630738523,0.003901562931517587,0.0,0.9832887438107053,,0.6428267231754404,3507,3507
safeobj_det,blur,5,3,0.3604697837680365,0.29030157613407487,0.3253856799510558,0.8491588252067294,0.06558311947533504,0.0051325919589392645,0.11662389506700883,0.003901562931517587,0.0,0.9819554578452359,,0.684835376224866,3507,3507
safeobj_det,blur,5,4,0.34362864677877747,0.2749226616335934,0.3092756542061854,0.8420302252637581,0.06073567151411463,0.006558311947533505,0.12033076703735386,0.003901562931517587,0.0,0.980528119744349,,0.7122076301619575,3507,3507
safeobj_det,blur,5,5,0.32817868708081754,0.2616680715341191,0.2949233793074683,0.832905617336755,0.06216139150270887,0.007984031936127744,0.12375249500998003,0.003901562931517587,0.0,0.9790303232937005,,0.730954991877164,3507,3507
