method,stress,max_h,h,iou,boundary_f,jf,ops,vanish,hallucination,split,mce,uncertainty,confidence,uec,ece_iou50,n_rows,n_samples
safeobj_full,occlusion,5,all,0.33752362171075573,0.2694799629751734,0.30350179234296454,0.8512118619903051,0.043684060450527515,0.0050185343598517255,0.08976333048189336,0.008633247091378493,0.00037774117929173723,0.9794842294148308,-0.35329956988250794,0.742415459855588,17535,3507
safeobj_full,occlusion,5,1,0.3651778981844397,0.2931902463958831,0.32918407229016133,0.8714000570287995,0.035357855717137156,0.0022811519817507843,0.08696891930424865,0.008633247091378493,0.00036748922488987867,0.9808692039333927,-0.38733084235158305,0.6951549663685107,3507,3507
safeobj_full,occlusion,5,2,0.3516470129219604,0.2817480711872135,0.31669754205458694,0.8637011690903906,0.03706871970345024,0.0037068719703450244,0.09124607927003137,0.008633247091378493,0.00036795951727250787,0.9802943837244965,-0.3886782900596673,0.71967272089525,3507,3507
safeobj_full,occlusion,5,3,0.3367343800737235,0.2687993190097919,0.30276684954175775,0.8528656971770744,0.043912175648702596,0.0051325919589392645,0.0926717992586256,0.008633247091378493,0.000373986241118738,0.9795631120304862,-0.35172207258855187,0.746600457753148,3507,3507
safeobj_full,occlusion,5,4,0.32331012343763843,0.2567017580480961,0.2900059407428673,0.8414599372683205,0.047619047619047616,0.006273167949814656,0.08982035928143713,0.008633247091378493,0.00038420081709753087,0.9787529392020805,-0.33815470644413015,0.7651801116452245,3507,3507
safeobj_full,occlusion,5,5,0.3107486939360167,0.24696042023488224,0.27885455708544943,0.8266324493869404,0.05446250356429997,0.007698887938408896,0.08810949529512403,0.008633247091378493,0.00039507009608003084,0.9779415081836982,-0.33469278063235225,0.7854693289288504,3507,3507
