method,stress,max_h,h,iou,boundary_f,jf,ops,vanish,hallucination,split,mce,uncertainty,confidence,uec,ece_iou50,n_rows,n_samples
convlstm,blur,5,all,0.6356391898955182,0.6904923553779174,0.6630657726367178,0.9530082691759338,0.02743085258055318,0.0023952095808383233,0.27573424579412603,0.0029698178666706927,0.0,0.9917784930771153,,0.23266818539383133,17535,3507
convlstm,blur,5,1,0.7716211340293291,0.8936751243996761,0.8326481292145026,0.9843170801254634,0.012261191901910464,0.000855431993156544,0.31907613344739094,0.0029698178666706927,0.0,0.996019191336761,,0.09753042459487915,3507,3507
convlstm,blur,5,2,0.6852065313122877,0.7795586519801851,0.7323825916462364,0.9703450242372398,0.01853435985172512,0.001710863986313088,0.2951240376390077,0.0029698178666706927,0.0,0.993671707781353,,0.1579147466132537,3507,3507
convlstm,blur,5,3,0.621446378686429,0.6768944450727897,0.6491704118796093,0.9500998003992016,0.026803535785571715,0.0022811519817507843,0.28172226974622183,0.0029698178666706927,0.0,0.9916407859389993,,0.2311617382782152,3507,3507
convlstm,blur,5,4,0.5709615382533076,0.5888129426056788,0.5798872404294934,0.9369831765041345,0.035642999714856,0.003136583974907328,0.25434844596521244,0.0029698178666706927,0.0,0.9897933854212406,,0.31086554094227015,3507,3507
convlstm,blur,5,5,0.5289603671962375,0.5135206128312574,0.5212404900137474,0.9232962646136299,0.043912175648702596,0.003992015968063872,0.22840034217279725,0.0029698178666706927,0.0,0.9877673949072223,,0.3658684101205352,3507,3507
