method,stress,max_h,h,iou,boundary_f,jf,ops,vanish,hallucination,split,mce,uncertainty,confidence,uec,ece_iou50,n_rows,n_samples
safeobj_no_stress,clean,5,all,0.35656118854308183,0.28366109732410905,0.3201111429335955,0.8622754491017964,0.059709153122326775,0.0050185343598517255,0.11628172226974622,0.008099361448836773,0.0003885582962960259,0.9808315947146234,-0.29773461845749843,0.7138226931680461,17535,3507
safeobj_no_stress,clean,5,1,0.39289377142169907,0.3191221907737948,0.35600798109774684,0.8822355289421158,0.04790419161676647,0.0022811519817507843,0.10065583119475335,0.008099361448836773,0.0003931225436053041,0.9833760040758817,-0.3190490156815581,0.6491871860110933,3507,3507
safeobj_no_stress,clean,5,2,0.3742016496906935,0.29825270454482866,0.336227177117761,0.8813800969489592,0.05360707157114343,0.0037068719703450244,0.10436270316509838,0.008099361448836773,0.00038355022917551724,0.9820588971428427,-0.303920030683037,0.6920674591789159,3507,3507
safeobj_no_stress,clean,5,3,0.355319948961456,0.2809687221104482,0.3181443355359521,0.8671228970630168,0.058454519532363844,0.004847447961220416,0.12090105503279155,0.008099361448836773,0.00038408009718024125,0.9807740779795945,-0.29850927061684973,0.7192970583300866,3507,3507
safeobj_no_stress,clean,5,4,0.33812804118716305,0.26672770159236003,0.30242787138976157,0.8451668092386655,0.0647276874821785,0.006273167949814656,0.12859994297120045,0.008099361448836773,0.00038781851477834105,0.9795502002571668,-0.28369933093774735,0.7420251816128747,3507,3507
safeobj_no_stress,clean,5,5,0.32226253145439776,0.25323416759911366,0.28774834952675565,0.8354719133162247,0.07385229540918163,0.007984031936127744,0.12688907898488735,0.008099361448836773,0.0003942200967407258,0.978398794117632,-0.299403660963676,0.766536877387808,3507,3507
