method,stress,max_h,h,iou,boundary_f,jf,ops,vanish,hallucination,split,mce,uncertainty,confidence,uec,ece_iou50,n_rows,n_samples
safeobj_no_geom,blur,5,all,0.14848625277503616,0.10693200234506994,0.12770912756005307,0.4869118905047049,0.36914741944682067,0.0051325919589392645,0.08525805531793555,0.00150052836419862,5.547833000283125e-06,0.9267699274916169,-0.3952293364605081,0.8861083542039532,17535,3507
safeobj_no_geom,blur,5,1,0.1477716333276921,0.10548134332489344,0.12662648832629278,0.4816082121471343,0.38038209295694325,0.0022811519817507843,0.08440262332477902,0.00150052836419862,5.2725059694998704e-06,0.9269729511058667,-0.4082964929771008,0.8853419397609472,3507,3507
safeobj_no_geom,blur,5,2,0.14853648733418565,0.1067363008325669,0.12763639408337624,0.48588537211291705,0.37268320501853436,0.0037068719703450244,0.0861134873110921,0.00150052836419862,5.241595586449213e-06,0.9276440564913732,-0.39972997388673687,0.8868684808787097,3507,3507
safeobj_no_geom,blur,5,3,0.14870294754915764,0.1074143657993281,0.12805865667424288,0.4887368120901055,0.3669803250641574,0.0051325919589392645,0.08440262332477902,0.00150052836419862,5.413836342144769e-06,0.9272754739450532,-0.39428930744164237,0.887070195148703,3507,3507
safeobj_no_geom,blur,5,4,0.14876098421616307,0.10749161121777424,0.12812629771696865,0.4875962360992301,0.3635585970915312,0.006558311947533505,0.08183632734530938,0.00150052836419862,5.9101368552532314e-06,0.9264782958469875,-0.3905610482246613,0.8854176416368541,3507,3507
safeobj_no_geom,blur,5,5,0.14865921144798244,0.10753639055078704,0.12809780099938475,0.49073282007413743,0.36213287710293696,0.007984031936127744,0.08953521528371827,0.00150052836419862,5.901090248068541e-06,0.9254788600688039,-0.39485936185446846,0.8858438021680518,3507,3507
