method,stress,max_h,h,iou,boundary_f,jf,ops,vanish,hallucination,split,mce,uncertainty,confidence,uec,ece_iou50,n_rows,n_samples
convlstm,occlusion,5,all,0.612083437542337,0.6541736112560755,0.6331285243992062,0.9485600228115199,0.027887082976903337,0.002053036783575706,0.26763615625891074,0.003031248082423469,0.0,0.9911991066901406,,0.25341744550381895,17535,3507
convlstm,occlusion,5,1,0.7308676168628389,0.8422907295761601,0.7865791732194993,0.9786142001710864,0.014257199885942401,0.000855431993156544,0.3205018534359852,0.003031248082423469,0.0,0.9950711483081114,,0.10912877321243286,3507,3507
convlstm,occlusion,5,2,0.6575134403328544,0.7380087204273934,0.697761080380124,0.9640718562874252,0.020245223838038208,0.00142571998859424,0.2919874536641004,0.003031248082423469,0.0,0.9931327112046681,,0.17876144012291273,3507,3507
convlstm,occlusion,5,3,0.6011811422571334,0.6411093216695698,0.6211452319633517,0.9481037924151696,0.027944111776447105,0.001996007984031936,0.26746506986027946,0.003031248082423469,0.0,0.9911883563984484,,0.25950879184887693,3507,3507
convlstm,occlusion,5,4,0.5549884766197338,0.55951387576142,0.557251176190577,0.932420872540633,0.035357855717137156,0.0025662959794696323,0.24322783005417736,0.003031248082423469,0.0,0.9893104659039171,,0.3311980893749915,3507,3507
convlstm,occlusion,5,5,0.5158665116391247,0.4899454088458342,0.5029059602424795,0.9195893926432849,0.04163102366695181,0.003421727972626176,0.2149985742800114,0.003031248082423469,0.0,0.9872928516355579,,0.388490431119072,3507,3507
