method,stress,max_h,h,iou,boundary_f,jf,ops,vanish,hallucination,split,components,mce,pred_area,gt_area,uncertainty,confidence,brier_iou50,uec,ece_iou50,aurc_unc,selective_jf_80,n_rows,n_samples
flow_warp,distractor,5,all,0.5987861717475563,0.7350555072621701,0.6669208395048631,0.926489877388081,0.03022526375819789,0.0051325919589392645,0.5386370116909039,7.998916452808668,0.001595341497769701,0.058408653922314105,0.05966326740120948,0.0,1.0,0.31531223267750214,,0.3153122067451477,0.4340593495882985,0.6610600352287292,17535,3507
flow_warp,distractor,5,1,0.7661741880329451,0.9239763629731302,0.8450752755030376,0.973766752209866,0.010835471913316224,0.0022811519817507843,0.4893071000855432,7.943826632449387,0.0015953414977697012,0.05904173949967129,0.05943030852976586,0.0,1.0,0.11491303108069575,,0.11491304636001587,0.255989430522055,0.8379490971565247,3507,3507
flow_warp,distractor,5,2,0.65777882988778,0.8194305033723631,0.7386046666300715,0.9472483604220131,0.019674935842600515,0.0037068719703450244,0.5075563159395494,7.946963216424295,0.0015953414977697012,0.058765978088465926,0.05955796739853626,0.0,1.0,0.21243227830054176,,0.21243226528167725,0.3700196240193357,0.731753945350647,3507,3507
flow_warp,distractor,5,3,0.5796209837876208,0.7215373444297488,0.6505791641086848,0.9247219846022241,0.028229255774165955,0.0051325919589392645,0.5369261477045908,7.990875392072997,0.0015953414977697012,0.05844331921474511,0.059674023728336974,0.0,1.0,0.32506415739948674,,0.32506418228149414,0.4534212069278819,0.6442649960517883,3507,3507
flow_warp,distractor,5,4,0.5196125553933411,0.6394210664390145,0.5795168109161779,0.9027658967778728,0.04163102366695181,0.006558311947533505,0.5657256914741945,8.028229255774166,0.0015953414977697012,0.0580800591896564,0.05978225221184615,0.0,1.0,0.4228685486170516,,0.422868549823761,0.5187416085313884,0.5734222531318665,3507,3507
flow_warp,distractor,5,5,0.4707443016360945,0.5709122590965936,0.5208282803663441,0.8839463929284288,0.05075563159395495,0.007984031936127744,0.5936698032506416,8.084687767322498,0.0015953414977697012,0.05771217361903178,0.059871785137562174,0.0,1.0,0.5012831479897348,,0.5012831687927246,0.571734774747857,0.5152367353439331,3507,3507
