method,stress,max_h,h,iou,boundary_f,jf,ops,vanish,hallucination,split,mce,uncertainty,confidence,uec,ece_iou50,n_rows,n_samples
linear_centroid,occlusion,5,all,0.39607478506527866,0.6118196862381095,0.503947235651694,0.8934702024522384,0.04345594525235244,0.005075563159395495,0.7976618192187055,0.0007845566680515327,0.0,1.0,,0.6552609205245972,17535,3507
linear_centroid,occlusion,5,1,0.5197807136182532,0.8001757558294452,0.6599782347238492,0.9589392643284859,0.01283147989734816,0.001996007984031936,0.7984031936127745,0.0007845566680515326,0.0,1.0,,0.36013686656951904,3507,3507
linear_centroid,occlusion,5,2,0.4364268754305365,0.6867922216768292,0.561609548553683,0.9235814086113487,0.03051040775591674,0.0037068719703450244,0.7981180496150556,0.0007845566680515326,0.0,1.0,,0.5779868960380554,3507,3507
linear_centroid,occlusion,5,3,0.38063981940355734,0.5921337420863898,0.48638678074497355,0.8919304248645566,0.04505275163957799,0.0051325919589392645,0.7986883376104933,0.0007845566680515326,0.0,1.0,,0.7108639478683472,3507,3507
linear_centroid,occlusion,5,4,0.3384702249084075,0.5193887301166168,0.4289294775125121,0.8625605930995153,0.05617336755061306,0.006558311947533505,0.7972626176218991,0.0007845566680515326,0.0,1.0,,0.7892785668373108,3507,3507
linear_centroid,occlusion,5,5,0.3050562919656388,0.46060798148126597,0.3828321367234524,0.8303393213572854,0.07271171941830624,0.007984031936127744,0.7958368976333048,0.0007845566680515326,0.0,1.0,,0.8380382061004639,3507,3507
