method,stress,max_h,h,iou,boundary_f,jf,ops,vanish,hallucination,split,mce,uncertainty,confidence,uec,ece_iou50,n_rows,n_samples
copy_last,clean,5,all,0.5646566328699503,0.6887519516166893,0.6267042922433199,0.9219846022241232,0.03341887653264899,0.0051325919589392645,0.47818648417450815,0.0,0.0,1.0,,0.3661819100379944,17535,3507
copy_last,clean,5,1,0.7252137853728934,0.8932243461124351,0.8092190657426642,0.9669232962646136,0.01454234388366125,0.0022811519817507843,0.47818648417450815,0.0,0.0,1.0,,0.1340177059173584,3507,3507
copy_last,clean,5,2,0.6143932727315377,0.7606145497496986,0.6875039112406182,0.9455374964357001,0.024522383803820928,0.0037068719703450244,0.47818648417450815,0.0,0.0,1.0,,0.27060163021087646,3507,3507
copy_last,clean,5,3,0.5425747018731429,0.6637367799055733,0.6031557408893582,0.9204448246364414,0.033932135728542916,0.0051325919589392645,0.47818648417450815,0.0,0.0,1.0,,0.39777588844299316,3507,3507
copy_last,clean,5,4,0.49062773288659633,0.5909672286703824,0.5407974807784893,0.8990590248075278,0.0427715996578272,0.006558311947533505,0.47818648417450815,0.0,0.0,1.0,,0.48360419273376465,3507,3507
copy_last,clean,5,5,0.45047367148558065,0.5352168536453579,0.49284526256546923,0.8779583689763331,0.05132591958939264,0.007984031936127744,0.47818648417450815,0.0,0.0,1.0,,0.544910192489624,3507,3507
