method,stress,max_h,h,iou,boundary_f,jf,ops,vanish,hallucination,split,components,mce,pred_area,gt_area,uncertainty,confidence,brier_iou50,uec,ece_iou50,aurc_unc,selective_jf_80,n_rows,n_samples
safeobjworld_r_det,noise,5,all,0.6396074425149839,0.6974680724548767,0.6685377574849304,0.9546621043627032,0.0258910749928714,0.0026233247790134018,0.28263473053892213,1.5995437696036499,0.002869170065848979,0.06631181152080759,0.05966326740120948,0.0,0.9919479957495723,0.23511662173209993,,0.23181111704837504,0.3938623481503717,0.6619768142700195,17535,3507
safeobjworld_r_det,noise,5,1,0.775393104275979,0.8955435313792911,0.835468317827635,0.984887368120901,0.010835471913316224,0.000855431993156544,0.3093812375249501,1.8517251211861991,0.002869170065848979,0.062445661442492,0.05943030852976586,0.0,0.9962268543270602,0.09895728760918628,,0.0957421064376831,0.25018332067511606,0.8277701735496521,3507,3507
safeobjworld_r_det,noise,5,2,0.6896737160185624,0.7850000868953326,0.7373369014569475,0.9723410322212718,0.017678927858568578,0.001710863986313088,0.29483889364128885,1.6501283147989734,0.002869170065848979,0.06431359286635063,0.05955796739853626,0.0,0.9938965539902338,0.1566721944343952,,0.15272177418039026,0.3392324802845781,0.7292050719261169,3507,3507
safeobjworld_r_det,noise,5,3,0.6257616161279609,0.6833202637483472,0.6545409399381541,0.9538066723695466,0.02566295979469632,0.0025662959794696323,0.28628457370972343,1.5737097234103221,0.002869170065848979,0.06615303618952571,0.059674023728336974,0.0,0.9918949767874964,0.2336395280395847,,0.22999023092687046,0.4081384027414192,0.6464468836784363,3507,3507
safeobjworld_r_det,noise,5,4,0.574707325554193,0.5982188644107126,0.5864630949824529,0.9369831765041345,0.03450242372398061,0.003421727972626176,0.2708867978329056,1.4970059880239521,0.002869170065848979,0.06819744223111317,0.05978225221184615,0.0,0.9898700088661961,0.31321782218719907,,0.31008673149328614,0.4631683488010083,0.5801886916160583,3507,3507
safeobjworld_r_det,noise,5,5,0.5325014505982248,0.5252576158407,0.5288795332194625,0.9252922725976618,0.04077559167379527,0.004562303963501569,0.2517821499857428,1.4251497005988023,0.002869170065848979,0.07044932487455645,0.059871785137562174,0.0,0.9878515847768748,0.37309627639013443,,0.370514807467927,0.5079866051774546,0.5241061449050903,3507,3507
