method,stress,max_h,h,iou,boundary_f,jf,ops,vanish,hallucination,split,mce,uncertainty,confidence,uec,ece_iou50,n_rows,n_samples
linear_centroid,blur,5,all,0.593941043518728,0.7243995905004732,0.6591703170096006,0.9232392358140861,0.03136583974907328,0.0051325919589392645,0.4771029369831765,0.00027620757719704926,0.0,1.0,,0.31548333168029785,17535,3507
linear_centroid,blur,5,1,0.7572137561646013,0.9217630415955398,0.8394883988800705,0.9697747362418021,0.010835471913316224,0.0022811519817507843,0.478471628172227,0.00027620757719704926,0.0,1.0,,0.11491304636001587,3507,3507
linear_centroid,blur,5,2,0.6492831573809033,0.8086360411893815,0.7289595992851423,0.9435414884516681,0.020815511833475905,0.0037068719703450244,0.47790134017678926,0.00027620757719704926,0.0,1.0,,0.21785002946853638,3507,3507
linear_centroid,blur,5,3,0.5745200642700707,0.708147749067199,0.641333906668635,0.9210151126318791,0.03136583974907328,0.0051325919589392645,0.47704590818363274,0.00027620757719704926,0.0,1.0,,0.3216424584388733,3507,3507
linear_centroid,blur,5,4,0.5177187898994896,0.6259535998962882,0.571836194897889,0.9010550327915597,0.04305674365554605,0.006558311947533505,0.4759053321927573,0.00027620757719704926,0.0,1.0,,0.4211576581001282,3507,3507
linear_centroid,blur,5,5,0.47096944987857514,0.5574975207539574,0.5142334853162663,0.8808098089535216,0.05075563159395495,0.007984031936127744,0.47619047619047616,0.00027620757719704926,0.0,1.0,,0.5018534660339355,3507,3507
