method,stress,max_h,h,iou,boundary_f,jf,ops,vanish,hallucination,split,mce,uncertainty,confidence,uec,ece_iou50,n_rows,n_samples
safeobj_det,clean,5,all,0.36126696320878976,0.29130567746011593,0.32628632033445276,0.8490447676076418,0.06438551468491588,0.0051325919589392645,0.11787852865697176,0.003909649353570641,0.0,0.981822412456581,,0.6752355571312547,17535,3507
safeobj_det,clean,5,1,0.3959359744985469,0.32425620447039877,0.36009608948447286,0.8634160250926718,0.06558311947533504,0.0022811519817507843,0.12118619903051041,0.003909649353570641,0.0,0.9845872028349199,,0.6027793203591281,3507,3507
safeobj_det,clean,5,2,0.3782771830526178,0.3066107953826281,0.342443989217623,0.8560022811519817,0.06928999144568007,0.0037068719703450244,0.11177644710578842,0.003909649353570641,0.0,0.9832250248818171,,0.6441887874599193,3507,3507
safeobj_det,clean,5,3,0.3603562512545227,0.28998431199427316,0.32517028162439787,0.8483033932135728,0.0641573994867408,0.0051325919589392645,0.11120615911035073,0.003909649353570641,0.0,0.9818876804807841,,0.6839122266078695,3507,3507
safeobj_det,clean,5,4,0.34357835873482784,0.2744553640687545,0.3090168614017912,0.8431708012546336,0.06016538351867693,0.006558311947533505,0.12318220701454234,0.003909649353570641,0.0,0.9804565389169259,,0.7118508358235572,3507,3507
safeobj_det,clean,5,5,0.3281870485034333,0.2612217113845248,0.294704379943979,0.8343313373253493,0.06273167949814656,0.007984031936127744,0.12204163102366695,0.003909649353570641,0.0,0.9789556151684581,,0.7334466756053007,3507,3507
