method,stress,max_h,h,iou,boundary_f,jf,ops,vanish,hallucination,split,components,mce,pred_area,gt_area,uncertainty,confidence,brier_iou50,uec,ece_iou50,aurc_unc,selective_jf_80,n_rows,n_samples
linear_centroid_scale,occlusion,5,all,0.39358906308663066,0.587778682752,0.4906838729193153,0.8810949529512404,0.05320786997433704,0.004391217564870259,0.7596236099230111,6.932306814941546,0.0022737251227328828,0.041864655485655676,0.05966326740120948,0.0,1.0,0.6535500427715997,,0.6535500288009644,0.6262274655148846,0.4888016879558563,17535,3507
linear_centroid_scale,occlusion,5,1,0.5228428802082865,0.795410001781652,0.6591264409949693,0.9555175363558597,0.01454234388366125,0.0022811519817507843,0.7810094097519247,7.3059595095523235,0.002273725122732883,0.04220479242408041,0.05943030852976586,0.0,1.0,0.35899629312802966,,0.35899627208709717,0.490926955681156,0.6557526588439941,3507,3507
linear_centroid_scale,occlusion,5,2,0.43604559172575397,0.6692318002345337,0.5526386959801438,0.919304248645566,0.03222127174222983,0.003136583974907328,0.7710293698317651,7.104077559167379,0.002273725122732883,0.041933803523904564,0.05955796739853626,0.0,1.0,0.5737097234103222,,0.5737097263336182,0.5828144514384211,0.5490944385528564,3507,3507
linear_centroid_scale,occlusion,5,3,0.377406674528648,0.5626699958702023,0.47003833519942523,0.8830909609352723,0.05189620758483034,0.00427715996578272,0.7590533219275735,6.9141716566866265,0.002273725122732883,0.04174185111919019,0.059674023728336974,0.0,1.0,0.7051611063587111,,0.7051610946655273,0.6441591136554615,0.46777039766311646,3507,3507
linear_centroid_scale,occlusion,5,4,0.3332002845306561,0.4854649668780641,0.40933262570436013,0.8445965212432278,0.07385229540918163,0.00570287995437696,0.7485029940119761,6.757912745936698,0.002273725122732883,0.0416984576234436,0.05978225221184615,0.0,1.0,0.7892785856857714,,0.7892785668373108,0.6898251395956485,0.4077325165271759,3507,3507
linear_centroid_scale,occlusion,5,5,0.29844988443980863,0.42611664899554785,0.36228326671767824,0.802965497576276,0.09352723125178215,0.006558311947533505,0.7385229540918163,6.579412603364699,0.002273725122732883,0.0417443727376596,0.059871785137562174,0.0,1.0,0.840604505275164,,0.8406044840812683,0.7251148721421224,0.36158421635627747,3507,3507
