method,stress,max_h,h,iou,boundary_f,jf,ops,vanish,hallucination,split,components,mce,pred_area,gt_area,uncertainty,confidence,brier_iou50,uec,ece_iou50,aurc_unc,selective_jf_80,n_rows,n_samples
object_token_det,clean,5,all,0.39678595291009794,0.3188274765482436,0.35780671472917075,0.8924436840604505,0.042999714856002284,0.005075563159395495,0.08719703450242372,1.1055603079555176,0.003561724708875892,0.06868676770962046,0.05966326740120948,0.0,0.9827178789741945,0.6352972328136,,0.6374085395024106,0.6313053478418512,0.3515893816947937,17535,3507
object_token_det,clean,5,1,0.4348788112224618,0.3635501963487145,0.39921450378558815,0.9201596806387226,0.033361847733105215,0.0022811519817507843,0.07100085543199315,1.0915312232677503,0.003561724708875892,0.06540328785633098,0.05943030852976586,0.0,0.9851832328646278,0.5600799307511816,,0.5588929147029623,0.5876311263246589,0.39176449179649353,3507,3507
object_token_det,clean,5,2,0.4171412475456896,0.3416266598326089,0.3793839536891493,0.9039064727687482,0.037639007698887936,0.0037068719703450244,0.07927003136583975,1.0983746792130025,0.003561724708875892,0.0672365199536443,0.05955796739853626,0.0,0.9842267195519675,0.5934109772784709,,0.593579429318363,0.6079998043530658,0.3717576265335083,3507,3507
object_token_det,clean,5,3,0.3961991044845545,0.3158508148067645,0.3560249596456595,0.8910749928714,0.046193327630453376,0.0051325919589392645,0.08782435129740519,1.1072141431422868,0.003561724708875892,0.06857446286741993,0.059674023728336974,0.0,0.9829863153157969,0.6337875184558687,,0.6356808947028004,0.6316832583459623,0.3492599129676819,3507,3507
object_token_det,clean,5,4,0.3764800787514397,0.2945046442919841,0.33549236152171186,0.8790989449672084,0.04733390362132877,0.006558311947533505,0.0932420872540633,1.1120615911035072,0.003561724708875892,0.07022644783597487,0.05978225221184615,0.0,0.9814564509374109,0.6792680737909035,,0.6831958126165195,0.6541912507974875,0.3296798765659332,3507,3507
object_token_det,clean,5,5,0.3592305225463443,0.278605067461146,0.3189177950037451,0.8679783290561733,0.0504704875962361,0.007698887938408896,0.10464784716281722,1.1186199030510409,0.003561724708875892,0.07199312003473214,0.059871785137562174,0.0,0.9797366762011691,0.7099396637915749,,0.7156933508335371,0.6737547774216343,0.3143451511859894,3507,3507
