method,stress,max_h,h,iou,boundary_f,jf,ops,vanish,hallucination,split,components,mce,pred_area,gt_area,uncertainty,confidence,brier_iou50,uec,ece_iou50,aurc_unc,selective_jf_80,n_rows,n_samples
convlstm_stress,blur,5,all,0.6399737688212298,0.7004872026430644,0.670230485732147,0.9550042771599658,0.02554890219560878,0.0026803535785571713,0.27944111776447106,1.5857428001140577,0.0029413519060392753,0.06586012622572315,0.05966326740120948,0.0,0.9919396419215141,0.23608719136662587,,0.2326010987736202,0.3933680502203413,0.6632939577102661,17535,3507
convlstm_stress,blur,5,1,0.7763853322451311,0.8966742682854093,0.8365298002652702,0.9860279441117764,0.011120615911035072,0.000855431993156544,0.3065297975477616,1.8354719133162247,0.0029413519060392753,0.06224239269476919,0.05943030852976586,0.0,0.9961271653122327,0.09955338776400534,,0.09621274471282959,0.24927692379800637,0.8283135890960693,3507,3507
convlstm_stress,blur,5,2,0.68996072406342,0.7865208469622235,0.7382407855128217,0.9720558882235529,0.016253207869974338,0.001996007984031936,0.29597946963216426,1.6541203307670374,0.0029413519060392753,0.06409886854515176,0.05955796739853626,0.0,0.9937573235225977,0.15789240671760987,,0.15372312063840438,0.3389931473447702,0.7293407320976257,3507,3507
convlstm_stress,blur,5,3,0.6253352048630809,0.6856385108470984,0.6554868578550896,0.9529512403763901,0.02623324779013402,0.00285143997718848,0.2840034217279726,1.5566010835471913,0.0029413519060392753,0.06572670476259783,0.059674023728336974,0.0,0.9917938954679926,0.2349208472697593,,0.23102975636083312,0.4084946773814645,0.6471489071846008,3507,3507
convlstm_stress,blur,5,4,0.5749675832575135,0.6028834814118672,0.5889255323346905,0.9386940404904477,0.032506415739948676,0.003421727972626176,0.26917593384659255,1.4813230681494154,0.0029413519060392753,0.06759578097030146,0.05978225221184615,0.0,0.9899336371899059,0.31346905928308005,,0.3101503622134187,0.4630135402558773,0.5821676254272461,3507,3507
convlstm_stress,blur,5,5,0.5332199996770036,0.5307189057087233,0.5319694526928634,0.9252922725976618,0.04163102366695181,0.00427715996578272,0.24151696606786427,1.401197604790419,0.0029413519060392753,0.06963688415579555,0.059871785137562174,0.0,0.9880861881148417,0.37460025579867484,,0.37188995363775534,0.5067865353845513,0.5272459387779236,3507,3507
