method,stress,max_h,h,iou,boundary_f,jf,ops,vanish,hallucination,split,components,mce,pred_area,gt_area,uncertainty,confidence,brier_iou50,uec,ece_iou50,aurc_unc,selective_jf_80,n_rows,n_samples
convlstm_base,distractor,5,all,0.643889438010463,0.7063535860243418,0.6751215120174024,0.9544910179640719,0.027088679783290562,0.002338180781294554,0.29352723125178215,1.6477901340176788,0.003104505098577957,0.06527278559201043,0.05966326740120948,0.0,0.9918106309702025,0.2312053145796681,,0.22790985104022696,0.38874636047326283,0.6682237386703491,17535,3507
convlstm_base,distractor,5,1,0.7807985479676713,0.9019232754254292,0.8413609116965503,0.9840319361277445,0.012546335899629312,0.000855431993156544,0.31822070145423437,1.8645566010835473,0.003104505098577957,0.061181642172005196,0.05943030852976586,0.0,0.9963343402480753,0.0962424147730714,,0.09299814701080322,0.24489016049523776,0.8325343132019043,3507,3507
convlstm_base,distractor,5,2,0.6944820249930062,0.7931413614433976,0.7438116932182021,0.9706301682349586,0.019674935842600515,0.001710863986313088,0.3125178214998574,1.7171371542629028,0.003104505098577957,0.06334328800236827,0.05955796739853626,0.0,0.994012393739307,0.15306488244595404,,0.14913075466355877,0.332813488524599,0.7358299493789673,3507,3507
convlstm_base,distractor,5,3,0.6300648474916429,0.6952247122353773,0.6626447798635101,0.9560878243512974,0.025377815796977475,0.0022811519817507843,0.3031080695751354,1.6390076988879385,0.003104505098577957,0.06510890050256629,0.059674023728336974,0.0,0.9917947308507984,0.23623688614602983,,0.2327414298281902,0.40231695399524664,0.6549060344696045,3507,3507
convlstm_base,distractor,5,4,0.5786647357231123,0.6091938189510221,0.5939292773370672,0.9378386084972912,0.03450242372398061,0.00285143997718848,0.2791559737667522,1.5477616196179071,0.003104505098577957,0.06715429662747917,0.05978225221184615,0.0,0.9895902948567151,0.30718386530162334,,0.3041040953455877,0.4583484757900631,0.5871404409408569,3507,3507
convlstm_base,distractor,5,5,0.5354370338768827,0.5322847620664827,0.5338608979716827,0.9238665526090676,0.043341887653264896,0.003992015968063872,0.2546335899629313,1.4704875962360993,0.003104505098577957,0.06957580065563318,0.059871785137562174,0.0,0.9873213951561164,0.36329852423166187,,0.36057485278461066,0.5049896254407058,0.5284144878387451,3507,3507
