method,stress,max_h,h,iou,boundary_f,jf,ops,vanish,hallucination,split,mce,uncertainty,confidence,uec,ece_iou50,n_rows,n_samples
safeobj_det,occlusion,5,all,0.35554533516480596,0.2933876488182331,0.32446649199151956,0.8445965212432278,0.06729398346164814,0.0050185343598517255,0.12358140861134873,0.004073243501074354,0.0,0.9831961186618114,,0.6905242793506321,17535,3507
safeobj_det,occlusion,5,1,0.3898271860771296,0.3265489534370957,0.3581880697571127,0.8608497291132021,0.07043056743655546,0.001996007984031936,0.12802965497576277,0.004073243501074354,0.0,0.9858188785682691,,0.6188385475385484,3507,3507
safeobj_det,occlusion,5,2,0.37206027402519987,0.3085602588129707,0.34031026641908535,0.8528656971770744,0.07157114342743086,0.0037068719703450244,0.12261191901910465,0.004073243501074354,0.0,0.9845283680197382,,0.661460222309391,3507,3507
safeobj_det,occlusion,5,3,0.35467198355671065,0.2918869688567672,0.3232794762067389,0.844311377245509,0.06615340747077274,0.004847447961220416,0.12574850299401197,0.004073243501074354,0.0,0.9832589555099407,,0.7023921701722516,3507,3507
safeobj_det,occlusion,5,4,0.3380678179469852,0.2765307882292224,0.30729930308810377,0.8383233532934131,0.06358711149130311,0.006558311947533505,0.12090105503279155,0.004073243501074354,0.0,0.9819026792154782,,0.7244176403525076,3507,3507
safeobj_det,occlusion,5,5,0.3230994142180044,0.2634112747551098,0.2932553444865571,0.8266324493869404,0.0647276874821785,0.007984031936127744,0.12061591103507271,0.004073243501074354,0.0,0.9804717119956309,,0.7455131430417885,3507,3507
