method,stress,max_h,h,iou,boundary_f,jf,ops,vanish,hallucination,split,mce,uncertainty,confidence,uec,ece_iou50,n_rows,n_samples
safeobj_no_stress,occlusion,5,all,0.32592255111106744,0.2712430673384021,0.2985828092247348,0.8380952380952381,0.06997433704020531,0.0050185343598517255,0.11508411747932706,0.007644699637609744,0.00031965510800003666,0.9845231757430497,-0.3345819184470054,0.7671864037470223,17535,3507
safeobj_no_stress,occlusion,5,1,0.3579070395400444,0.30123896589523114,0.32957300271763773,0.8708297690333618,0.05788423153692615,0.0022811519817507843,0.09067579127459367,0.007644699637609744,0.00032868643251047006,0.9864757228414319,-0.3659097934882581,0.7167294848362945,3507,3507
safeobj_no_stress,occlusion,5,2,0.34096186229055486,0.28345637084446923,0.31220911656751205,0.8591388651268891,0.061305959509552324,0.0037068719703450244,0.11063587111491303,0.007644699637609744,0.00031920608007751585,0.9854618307869082,-0.34643944866133375,0.7456556496913866,3507,3507
safeobj_no_stress,occlusion,5,3,0.32415726043737,0.2692109034984984,0.2966840819679342,0.8383233532934131,0.06700883946392928,0.004847447961220416,0.11833475905332193,0.007644699637609744,0.0003152026056260288,0.9844955647301056,-0.33667651235081636,0.7726335545907783,3507,3507
safeobj_no_stress,occlusion,5,4,0.30949091029157544,0.2564871733506835,0.2829890418211295,0.8186484174508126,0.07413743940690048,0.006273167949814656,0.12603364699173084,0.007644699637609744,0.0003152905918200877,0.9835438348304046,-0.31263311863642107,0.7936379489376567,3507,3507
safeobj_no_stress,occlusion,5,5,0.2970956829957928,0.24582192310312806,0.2714588030494604,0.8035357855717137,0.08953521528371827,0.007984031936127744,0.12974051896207583,0.007644699637609744,0.000319889829966081,0.9826389255263984,-0.31895139964535185,0.8072753045543294,3507,3507
