method,stress,max_h,h,iou,boundary_f,jf,ops,vanish,hallucination,split,components,mce,pred_area,gt_area,uncertainty,confidence,brier_iou50,uec,ece_iou50,aurc_unc,selective_jf_80,n_rows,n_samples
convlstm_stress,clean,5,all,0.639654251131725,0.70038790864829,0.6700210798900075,0.9550613059595096,0.02554890219560878,0.0026803535785571713,0.28195038494439695,1.5915027088679783,0.0029928419729840327,0.06581263471321247,0.05966326740120948,0.0,0.992056094284645,0.23676137833096275,,0.2333449084499741,0.39380332884561353,0.6630735397338867,17535,3507
convlstm_stress,clean,5,1,0.7760269938776311,0.8962411282997294,0.8361340610886803,0.9860279441117764,0.010835471913316224,0.000855431993156544,0.30795551753635586,1.8377530652979754,0.0029928419729840327,0.06217640518813563,0.05943030852976586,0.0,0.9961660106127032,0.09955956863140088,,0.09625154733657837,0.249844735219092,0.8278513550758362,3507,3507
convlstm_stress,clean,5,2,0.6896799848400766,0.7863132689742841,0.7379966269071805,0.9720558882235529,0.016823495865412035,0.001996007984031936,0.29654975762760194,1.6581123467351013,0.0029928419729840327,0.06405557560474291,0.05955796739853626,0.0,0.9938423933383234,0.15958270817221756,,0.15551905039541736,0.33937045599020255,0.7290279269218445,3507,3507
convlstm_stress,clean,5,3,0.625335603500812,0.6857713889690149,0.6555534962349134,0.9535215283718278,0.026518391787852865,0.0025662959794696323,0.2840034217279726,1.5531793555745652,0.0029928419729840327,0.06569165735988342,0.059674023728336974,0.0,0.9919186459669945,0.23524542299471318,,0.2314395991730017,0.4083673045660105,0.6472823619842529,3507,3507
convlstm_stress,clean,5,4,0.5745764573876624,0.6027476748245401,0.5886620661061013,0.9386940404904477,0.031936127744510975,0.003421727972626176,0.27402338180781294,1.4935842600513258,0.0029928419729840327,0.06755702075511676,0.05978225221184615,0.0,0.990080943024665,0.31524814239145177,,0.3120085520726648,0.4634460328842526,0.581939160823822,3507,3507
convlstm_stress,clean,5,5,0.5326522160524433,0.530866082173882,0.5317591491131627,0.9250071285999429,0.04163102366695181,0.004562303963501569,0.24721984602224123,1.4148845166809239,0.0029928419729840327,0.06958251465818363,0.059871785137562174,0.0,0.9882724784805389,0.37417104946503044,,0.37150604695311157,0.507703469470481,0.5270121097564697,3507,3507
