method,stress,max_h,h,iou,boundary_f,jf,ops,vanish,hallucination,split,components,mce,pred_area,gt_area,uncertainty,confidence,brier_iou50,uec,ece_iou50,aurc_unc,selective_jf_80,n_rows,n_samples
flow_warp,frame_drop,5,all,0.4984089395449799,0.5990095409110625,0.5487092402280211,0.8663815226689479,0.06592529227259766,0.004676361562589108,0.5683490162532079,8.046364414029085,0.002922560158457297,0.058521223302403134,0.05966326740120948,0.0,1.0,0.4561163387510693,,0.45611631870269775,0.547561785914239,0.5374482870101929,17535,3507
flow_warp,frame_drop,5,1,0.6814544821453908,0.8423008352046756,0.7618776586750332,0.9446820644425434,0.016538351867693184,0.0022811519817507843,0.4998574280011406,7.92842885657257,0.002922560158457297,0.05917317306111983,0.05943030852976586,0.0,1.0,0.18021100655831196,,0.18021100759506226,0.3521316743307635,0.7517067790031433,3507,3507
flow_warp,frame_drop,5,2,0.5575025030293962,0.6807543210168827,0.6191284120231395,0.8987738808098089,0.039064727687482176,0.003421727972626176,0.5312232677502139,7.9210151126318795,0.002922560158457297,0.058952345804422907,0.05955796739853626,0.0,1.0,0.36327345309381237,,0.3632734417915344,0.4856663640833807,0.606672465801239,3507,3507
flow_warp,frame_drop,5,3,0.4741645856512046,0.5634140096416933,0.518789297646449,0.8651268890789849,0.06843455945252352,0.004847447961220416,0.5697177074422584,8.013401767892786,0.002922560158457297,0.058622485621514904,0.059674023728336974,0.0,1.0,0.49329911605360705,,0.49329912662506104,0.5743263647850525,0.5053321719169617,3507,3507
flow_warp,frame_drop,5,4,0.41307990400268946,0.4832173865867534,0.44814864529472137,0.8280581693755347,0.09039064727687482,0.005988023952095809,0.6016538351867693,8.12375249500998,0.002922560158457297,0.05818953301234832,0.05978225221184615,0.0,1.0,0.5845451953236385,,0.5845451951026917,0.6377025902126311,0.43581435084342957,3507,3507
flow_warp,frame_drop,5,5,0.3658432228962183,0.4253611521053075,0.3956021875007629,0.7952666096378671,0.1151981750784146,0.006843455945252352,0.6392928428856572,8.245223838038209,0.002922560158457297,0.0576685790126097,0.059871785137562174,0.0,1.0,0.6592529227259766,,0.6592528820037842,0.6853135725323284,0.3848092257976532,3507,3507
