method,stress,max_h,h,iou,boundary_f,jf,ops,vanish,hallucination,split,components,mce,pred_area,gt_area,uncertainty,confidence,brier_iou50,uec,ece_iou50,aurc_unc,selective_jf_80,n_rows,n_samples
safeobjworld_r_det,frame_drop,5,all,0.6252002129002333,0.6770817168337638,0.6511409648669986,0.9509552323923581,0.027544910179640718,0.0025092671799258628,0.2885086968919304,1.596806387225549,0.003273615130084034,0.06712155580951192,0.05966326740120948,0.0,0.9905018924205161,0.2546982276667412,,0.2511235341442457,0.4095511709057406,0.6431861519813538,17535,3507
safeobjworld_r_det,frame_drop,5,1,0.7590726502363297,0.8790799631450049,0.8190763066906673,0.9840319361277445,0.011120615911035072,0.000855431993156544,0.3093812375249501,1.8371827773025378,0.003273615130084034,0.06277765649257042,0.05943030852976586,0.0,0.9958837904548047,0.10856626473637024,,0.10509389638900757,0.26663965340605256,0.8108887672424316,3507,3507
safeobjworld_r_det,frame_drop,5,2,0.673685286983756,0.7620147131047678,0.7178500000442619,0.9686341602509267,0.017678927858568578,0.001710863986313088,0.3005417735956658,1.6521243227830054,0.003273615130084034,0.06488123548290324,0.05955796739853626,0.0,0.9928771085062019,0.17683587857451166,,0.1725177827947392,0.3558584357991984,0.7087969779968262,3507,3507
safeobjworld_r_det,frame_drop,5,3,0.611175790707833,0.6615629606306196,0.6363693756692264,0.9509552323923581,0.027944111776447105,0.0022811519817507843,0.2891360136869119,1.56686626746507,0.003273615130084034,0.06708152550306133,0.059674023728336974,0.0,0.990342278612418,0.26423905512393964,,0.26037365119954203,0.4241235361961978,0.626970648765564,3507,3507
safeobjworld_r_det,frame_drop,5,4,0.5617279913427308,0.577252186287476,0.5694900888151034,0.9304248645566011,0.037639007698887936,0.003136583974907328,0.28200741374394067,1.4967208440262332,0.003273615130084034,0.06929792758233533,0.05978225221184615,0.0,0.9878688493548617,0.33203700100692346,,0.3286159149017095,0.4779012448449548,0.561157763004303,3507,3507
safeobjworld_r_det,frame_drop,5,5,0.5203393452305172,0.5054987610009507,0.5129190531157339,0.9207299686341602,0.043341887653264896,0.004562303963501569,0.26147704590818366,1.4311377245508983,0.003273615130084034,0.07156943398668933,0.059871785137562174,0.0,0.9855374351742943,0.39181293889196095,,0.3890161591613602,0.5221460101442268,0.5056329965591431,3507,3507
