method,stress,max_h,h,iou,boundary_f,jf,ops,vanish,hallucination,split,components,mce,pred_area,gt_area,uncertainty,confidence,brier_iou50,uec,ece_iou50,aurc_unc,selective_jf_80,n_rows,n_samples
object_token_det,blur,5,all,0.3967482589967026,0.31891916080862154,0.3578337099026621,0.8930139720558882,0.043855146849158824,0.005075563159395495,0.0900484744796122,1.108183632734531,0.0035873989324079676,0.06818078872017869,0.05966326740120948,0.0,0.9826933187197034,0.6364135784337348,,0.6384104455982411,0.6312649745806049,0.352043479681015,17535,3507
object_token_det,blur,5,1,0.436086147336072,0.3652247658993016,0.40065545661768676,0.9221556886227545,0.03364699173082407,0.0022811519817507843,0.07442258340461934,1.0966638152266894,0.0035873989324079676,0.06499377237588315,0.05943030852976586,0.0,0.9851186299276448,0.560658802359336,,0.5593986948705107,0.5858232066360202,0.39351698756217957,3507,3507
object_token_det,blur,5,2,0.4177440002659957,0.3423361012207464,0.38004005074337105,0.9044767607641859,0.03792415169660679,0.0037068719703450244,0.08069575135443399,1.1015112631879098,0.0035873989324079676,0.06677944179844676,0.05955796739853626,0.0,0.9841859250249501,0.5929679968501891,,0.5929683947753526,0.607094512262622,0.3725981116294861,3507,3507
object_token_det,blur,5,3,0.3961054454026106,0.3157113883420207,0.3559084168723156,0.8916452808668378,0.04818933561448532,0.0051325919589392645,0.0943826632449387,1.1129170230966638,0.0035873989324079676,0.06807179446909752,0.059674023728336974,0.0,0.9829672407417308,0.6361133403712812,,0.637942988154621,0.6316658091680504,0.34969568252563477,3507,3507
object_token_det,blur,5,4,0.3757272343038432,0.2936936572868199,0.33471044579533155,0.8788138009694896,0.04847447961220416,0.006558311947533505,0.09666381522668947,1.1103507271171942,0.0035873989324079676,0.06966476892445268,0.05978225221184615,0.0,0.9814455909609353,0.680772721138577,,0.6846107128749452,0.6551255826271221,0.3294784724712372,3507,3507
object_token_det,blur,5,5,0.3580784676749915,0.2776298912942195,0.3178541794846055,0.8679783290561733,0.0510407755916738,0.007698887938408896,0.10407755916737953,1.1194753350441973,0.0035873989324079676,0.07139416603301334,0.059871785137562174,0.0,0.9797492069432563,0.711555031449291,,0.7171315882224318,0.6753686588533333,0.3138299286365509,3507,3507
