method,stress,max_h,h,iou,boundary_f,jf,ops,vanish,hallucination,split,components,mce,pred_area,gt_area,uncertainty,confidence,brier_iou50,uec,ece_iou50,aurc_unc,selective_jf_80,n_rows,n_samples
linear_centroid,frame_drop,5,all,0.4995651581315946,0.5979098656510791,0.5487375118913369,0.8689478186484174,0.06432848588537211,0.0051325919589392645,0.47453664100370685,7.742571998859424,0.000850962538851929,0.057492678333808576,0.05966326740120948,0.0,1.0,0.4631879098944967,,0.46318793296813965,0.5446907754923168,0.5430164337158203,17535,3507
linear_centroid,frame_drop,5,1,0.6846351299105834,0.8574645571136958,0.7710498435121397,0.9506700883946393,0.019104647847162818,0.0022811519817507843,0.47818648417450815,7.930424864556601,0.000850962538851929,0.05888316373205969,0.05943030852976586,0.0,1.0,0.17735956658112348,,0.17735958099365234,0.3488192566510346,0.764185905456543,3507,3507
linear_centroid,frame_drop,5,2,0.5594583928990243,0.6840103320642247,0.6217343624816245,0.913601368691189,0.03592814371257485,0.0037068719703450244,0.4767607641859139,7.8366124893071,0.000850962538851929,0.05828883527587682,0.05955796739853626,0.0,1.0,0.3555745651554035,,0.3555745482444763,0.4824254367989309,0.6141191720962524,3507,3507
linear_centroid,frame_drop,5,3,0.4758293361008838,0.5628006351030332,0.5193149856019584,0.8702594810379242,0.05617336755061306,0.0051325919589392645,0.4739093242087254,7.751069289991445,0.000850962538851929,0.05757282712600592,0.059674023728336974,0.0,1.0,0.5021385799828914,,0.502138614654541,0.5701162937009949,0.5124091506004333,3507,3507
linear_centroid,frame_drop,5,4,0.41371287852843125,0.47503043129533373,0.4443716549118824,0.827487881380097,0.08753920729968634,0.006558311947533505,0.47305389221556887,7.648702594810379,0.000850962538851929,0.056784744004055386,0.05978225221184615,0.0,1.0,0.6045052751639578,,0.6045053005218506,0.6343652307641554,0.4385731816291809,3507,3507
linear_centroid,frame_drop,5,5,0.3641900532190506,0.41024337267910777,0.38721671294907917,0.7827202737382378,0.1228970630168235,0.007984031936127744,0.4707727402338181,7.546050755631594,0.000850962538851929,0.05593382153104505,0.059871785137562174,0.0,1.0,0.6763615625891075,,0.6763615608215332,0.6845904369833816,0.38298431038856506,3507,3507
