method,stress,max_h,h,iou,boundary_f,jf,ops,vanish,hallucination,split,mce,uncertainty,confidence,uec,ece_iou50,n_rows,n_samples
safeobj_no_geom,clean,5,all,0.1487819545709882,0.10738402312507887,0.12808298884803354,0.4875962360992301,0.3665240946678072,0.0051325919589392645,0.08497291132021671,0.0014987712864702823,5.622482072837892e-06,0.9262239047051292,-0.39705164733349013,0.8857334353320783,17535,3507
safeobj_no_geom,clean,5,1,0.1480408498833709,0.10597582342393129,0.1270083366536511,0.48246364414029086,0.3783860849729113,0.0022811519817507843,0.08411747932706017,0.0014987712864702823,5.349740474935534e-06,0.9264049000776763,-0.4102418715516292,0.8856293311274083,3507,3507
safeobj_no_geom,clean,5,2,0.14881353154523633,0.10733375167580377,0.12807364161052004,0.4861705161106359,0.369546621043627,0.0037068719703450244,0.08468776732249786,0.0014987712864702823,5.311569000419242e-06,0.9271011831653673,-0.40285979064822763,0.8860404629941201,3507,3507
safeobj_no_geom,clean,5,3,0.14904298289928916,0.10789599712883209,0.1284694900140606,0.4887368120901055,0.3644140290846878,0.0051325919589392645,0.0861134873110921,0.0014987712864702823,5.483453919714501e-06,0.9267380823598208,-0.3964661233962012,0.8865327923461723,3507,3507
safeobj_no_geom,clean,5,4,0.14906181478328068,0.10788354641990834,0.1284726806015945,0.4893071000855432,0.3604220131166239,0.006558311947533505,0.08497291132021671,0.0014987712864702823,5.989000635556816e-06,0.9259394450441942,-0.3909538545614588,0.8848786923597776,3507,3507
safeobj_no_geom,clean,5,5,0.14895059374376382,0.10783099697691893,0.12839079536034137,0.4913031080695751,0.3598517251211862,0.007984031936127744,0.08497291132021671,0.0014987712864702823,5.9786463335633685e-06,0.9249359128785875,-0.3967563272362924,0.8855859892708915,3507,3507
