method,stress,max_h,h,iou,boundary_f,jf,ops,vanish,hallucination,split,components,mce,pred_area,gt_area,uncertainty,confidence,brier_iou50,uec,ece_iou50,aurc_unc,selective_jf_80,n_rows,n_samples
convlstm_base,frame_drop,5,all,0.5909969681517139,0.6332382987206069,0.6121176334361604,0.9374964357000285,0.033932135728542916,0.002053036783575706,0.3367550613059595,1.7248930710008554,0.004845007474875054,0.06678564993029812,0.05966326740120948,0.0,0.9881530465854006,0.2973420160259315,,0.293713313485606,0.4494549153010324,0.6024201512336731,17535,3507
convlstm_base,frame_drop,5,1,0.730282862460104,0.8554829648634843,0.7928829136617941,0.9814656401482749,0.01283147989734816,0.000855431993156544,0.33105218135158254,1.8699743370402053,0.004845007474875054,0.061976609467077746,0.05943030852976586,0.0,0.9952676956355146,0.12412057719680704,,0.12016075849533081,0.2996387580185005,0.7832750082015991,3507,3507
convlstm_base,frame_drop,5,2,0.636168770732427,0.7140164178804328,0.6750925943064299,0.9572284003421728,0.021670943826632448,0.0011405759908753922,0.3504419731964642,1.7852865697177074,0.004845007474875054,0.06431546474263773,0.05955796739853626,0.0,0.9913450164403336,0.21818376634411232,,0.21347218525861789,0.399224319997484,0.6642453074455261,3507,3507
convlstm_base,frame_drop,5,3,0.5730906285885213,0.6095921072112787,0.5913413678999,0.936127744510978,0.03507271171941831,0.0025662959794696323,0.35443398916452806,1.7559167379526661,0.004845007474875054,0.06668515956677915,0.059674023728336974,0.0,0.9878780385657256,0.31275542209996166,,0.3086650323793016,0.4676075593253795,0.581059455871582,3507,3507
convlstm_base,frame_drop,5,4,0.5265291981055902,0.5270013696075775,0.5267652838565838,0.9167379526660964,0.04562303963501568,0.0022811519817507843,0.3378956372968349,1.658682634730539,0.004845007474875054,0.0692018508246404,0.05978225221184615,0.0,0.9845628219008412,0.3846081162505181,,0.3814832518200675,0.5187806031121525,0.5165488123893738,3507,3507
convlstm_base,frame_drop,5,5,0.48891338087192665,0.46009863404026197,0.4745060074560943,0.8959224408326205,0.05446250356429997,0.003421727972626176,0.3099515255203878,1.5546050755631593,0.004845007474875054,0.07174916505035564,0.059871785137562174,0.0,0.981711660384588,0.4470421982382586,,0.44478552209572947,0.559444486184226,0.4651288390159607,3507,3507
