method,stress,max_h,h,iou,boundary_f,jf,ops,vanish,hallucination,split,components,mce,pred_area,gt_area,uncertainty,confidence,brier_iou50,uec,ece_iou50,aurc_unc,selective_jf_80,n_rows,n_samples
flow_linear_fallback,lowlight,5,all,0.6078534949355613,0.7461291974412321,0.6769913461883966,0.9285429141716567,0.028115198175078415,0.0051325919589392645,0.5190191046478472,7.944054747647562,0.003374434190148436,0.058579545398290724,0.05966326740120948,0.0,1.0,0.30333618477331054,,0.3033362030982971,0.42251636256836306,0.6709585785865784,17535,3507
flow_linear_fallback,lowlight,5,1,0.7690458744174342,0.92717789008199,0.848111882249712,0.9749073282007413,0.010550327915597377,0.0022811519817507843,0.4881665240946678,7.944396920444825,0.0033744341901484356,0.05907336802090264,0.05943030852976586,0.0,1.0,0.11320216709438266,,0.11320215463638306,0.25156853267409596,0.8409734964370728,3507,3507
flow_linear_fallback,lowlight,5,2,0.6611933404744297,0.8243356384352688,0.7427644894548492,0.9478186484174508,0.01996007984031936,0.0037068719703450244,0.5067008839463929,7.966923296264613,0.0033744341901484356,0.05882961414720162,0.05955796739853626,0.0,1.0,0.2090105503279156,,0.2090105414390564,0.3650589771280323,0.7358236312866211,3507,3507
flow_linear_fallback,lowlight,5,3,0.5826737736079672,0.7254930966536242,0.6540834351307957,0.9247219846022241,0.02623324779013402,0.0051325919589392645,0.5346449957228401,7.987738808098089,0.0033744341901484356,0.05854713873344581,0.059674023728336974,0.0,1.0,0.3213572854291417,,0.3213573098182678,0.44870186460638695,0.6476237773895264,3507,3507
flow_linear_fallback,lowlight,5,4,0.5353763540329765,0.6590184596721278,0.5971974068525522,0.9076133447390933,0.03792415169660679,0.006558311947533505,0.5332192757342458,7.942400912460792,0.0033744341901484356,0.05834859608659665,0.05978225221184615,0.0,1.0,0.4006273167949815,,0.4006273150444031,0.4992161359400453,0.5910537242889404,3507,3507
flow_linear_fallback,lowlight,5,5,0.49097813214499886,0.5946209023631495,0.5427995172540742,0.8876532648987738,0.04590818363273453,0.007984031936127744,0.5323638437410892,7.87881380096949,0.0033744341901484356,0.058099010003306875,0.059871785137562174,0.0,1.0,0.4724836042201312,,0.4724835753440857,0.5475357440964127,0.5366694331169128,3507,3507
