method,stress,max_h,h,iou,boundary_f,jf,ops,vanish,hallucination,split,components,mce,pred_area,gt_area,uncertainty,confidence,brier_iou50,uec,ece_iou50,aurc_unc,selective_jf_80,n_rows,n_samples
convlstm_stress,lowlight,5,all,0.6396370324981976,0.7013193498045994,0.6704781911513985,0.9573424579412604,0.021956087824351298,0.00285143997718848,0.29147419446820644,1.6158540062731679,0.0029332531490950287,0.06676276817644473,0.05966326740120948,0.0,0.9919506968206444,0.23707380933845895,,0.23375281867458844,0.39284682511861024,0.6637361645698547,17535,3507
convlstm_stress,lowlight,5,1,0.7762659829165682,0.896637319487043,0.8364516512018056,0.9883090960935272,0.00855431993156544,0.0011405759908753922,0.30510407755916735,1.8126603934987169,0.0029332531490950287,0.06238507298399234,0.05943030852976586,0.0,0.9962903434203022,0.10018441273950598,,0.09694617986679077,0.24943602942629065,0.8283530473709106,3507,3507
convlstm_stress,lowlight,5,2,0.6900981827044044,0.7877381618540722,0.7389181722792382,0.9734816082121471,0.013686911890504704,0.001996007984031936,0.3073852295409182,1.6729398346164812,0.0029332531490950287,0.06465265773017456,0.05955796739853626,0.0,0.993888060931708,0.15811385937079697,,0.15413901095108867,0.33741604838454986,0.7303897142410278,3507,3507
convlstm_stress,lowlight,5,3,0.6251329382481213,0.687421403647237,0.6562771709476791,0.9566581123467351,0.020245223838038208,0.00285143997718848,0.2985457656116339,1.5848303393213572,0.0029332531490950287,0.06669997214153044,0.059674023728336974,0.0,0.9917705047494297,0.23847064959686776,,0.23471323807150474,0.4073417342198838,0.6480908393859863,3507,3507
convlstm_stress,lowlight,5,4,0.5739697215723459,0.6031447527705328,0.5885572371714394,0.9401197604790419,0.028514399771884802,0.0037068719703450244,0.2825777017393784,1.5335044197319647,0.0029332531490950287,0.06889776374829706,0.05978225221184615,0.0,0.9898371504758341,0.314693433319975,,0.311479572356512,0.46281924604952834,0.5821055173873901,3507,3507
convlstm_stress,lowlight,5,5,0.532718337049548,0.5316551112641124,0.5321867241568302,0.9281437125748503,0.03877958368976333,0.004562303963501569,0.26375819788993443,1.4753350441973196,0.0029332531490950287,0.07117837427822926,0.059871785137562174,0.0,0.9879674245259481,0.37390669166514906,,0.3714860974467647,0.506660874053843,0.5274983048439026,3507,3507
