method,stress,max_h,h,iou,boundary_f,jf,ops,vanish,hallucination,split,components,mce,pred_area,gt_area,uncertainty,confidence,brier_iou50,uec,ece_iou50,aurc_unc,selective_jf_80,n_rows,n_samples
flow_warp,occlusion,5,all,0.4271951064014479,0.6487560238145477,0.5379755651079978,0.9097234103222127,0.031194753350441973,0.004961505560307955,0.8209865982321072,7.58562874251497,0.0018506073197965068,0.04215093962620394,0.05966326740120948,0.0,1.0,0.5857428001140575,,0.5857428312301636,0.5934941760984979,0.5360747575759888,17535,3507
flow_warp,occlusion,5,1,0.5475563688999281,0.8105746655743926,0.6790655172371604,0.9632164242942686,0.013401767892785858,0.0022811519817507843,0.8001140575990875,7.485029940119761,0.0018506073197965065,0.04242411135071128,0.05943030852976586,0.0,1.0,0.2988309096093527,,0.29883092641830444,0.46435457039902944,0.6763013005256653,3507,3507
flow_warp,occlusion,5,2,0.4684578036270675,0.7184877913905591,0.5934727975088132,0.932420872540633,0.022526375819788995,0.0037068719703450244,0.8106643855146849,7.523809523809524,0.0018506073197965065,0.04227526624578224,0.05955796739853626,0.0,1.0,0.49016253207869975,,0.49016255140304565,0.548704644536845,0.5907310843467712,3507,3507
flow_warp,occlusion,5,3,0.4130254635209257,0.6364596339614966,0.5247425487412111,0.9101796407185628,0.03051040775591674,0.004847447961220416,0.8229255774165953,7.55945252352438,0.0018506073197965065,0.04214078508409767,0.059674023728336974,0.0,1.0,0.6270316509837468,,0.627031683921814,0.6086005735199853,0.5225255489349365,3507,3507
flow_warp,occlusion,5,4,0.3703675305491604,0.5678161980715581,0.46909186431035926,0.885657256914742,0.039064727687482176,0.006273167949814656,0.8309096093527232,7.625891074992872,0.0018506073197965065,0.042014766040835,0.05978225221184615,0.0,1.0,0.7254063301967494,,0.725406289100647,0.6545479535738494,0.46711570024490356,3507,3507
flow_warp,occlusion,5,5,0.336568365410158,0.5104418300747325,0.42350509774244527,0.8571428571428571,0.0504704875962361,0.007698887938408896,0.8403193612774451,7.7339606501283145,0.0018506073197965065,0.041899769409593515,0.059871785137562174,0.0,1.0,0.7872825777017394,,0.7872825860977173,0.6916869814804222,0.42182302474975586,3507,3507
