method,stress,max_h,h,iou,boundary_f,jf,ops,vanish,hallucination,split,mce,uncertainty,confidence,uec,ece_iou50,n_rows,n_samples
linear_centroid,frame_drop,5,all,0.4995651581315946,0.5979098656510791,0.5487375118913369,0.8689478186484174,0.06432848588537211,0.0051325919589392645,0.47453664100370685,0.000850962538851929,0.0,1.0,,0.46318793296813965,17535,3507
linear_centroid,frame_drop,5,1,0.6846351299105834,0.8574645571136958,0.7710498435121397,0.9506700883946393,0.019104647847162818,0.0022811519817507843,0.47818648417450815,0.000850962538851929,0.0,1.0,,0.17735958099365234,3507,3507
linear_centroid,frame_drop,5,2,0.5594583928990243,0.6840103320642247,0.6217343624816245,0.913601368691189,0.03592814371257485,0.0037068719703450244,0.4767607641859139,0.000850962538851929,0.0,1.0,,0.3555745482444763,3507,3507
linear_centroid,frame_drop,5,3,0.4758293361008838,0.5628006351030332,0.5193149856019584,0.8702594810379242,0.05617336755061306,0.0051325919589392645,0.4739093242087254,0.000850962538851929,0.0,1.0,,0.502138614654541,3507,3507
linear_centroid,frame_drop,5,4,0.41371287852843125,0.47503043129533373,0.4443716549118824,0.827487881380097,0.08753920729968634,0.006558311947533505,0.47305389221556887,0.000850962538851929,0.0,1.0,,0.6045053005218506,3507,3507
linear_centroid,frame_drop,5,5,0.3641900532190506,0.41024337267910777,0.38721671294907917,0.7827202737382378,0.1228970630168235,0.007984031936127744,0.4707727402338181,0.000850962538851929,0.0,1.0,,0.6763615608215332,3507,3507
