method,stress,max_h,h,iou,boundary_f,jf,ops,vanish,hallucination,split,mce,uncertainty,confidence,uec,ece_iou50,n_rows,n_samples
safeobj_full,blur,5,all,0.34618222309162117,0.2717380111068625,0.30896011709924187,0.8643284858853721,0.04009124607927003,0.0050185343598517255,0.0861134873110921,0.008586272814011925,0.0004011772641649546,0.9780876512197065,-0.3297208856277835,0.7359433117434956,17535,3507
safeobj_full,blur,5,1,0.374213284997915,0.29607950122831284,0.33514639311311395,0.8796692329626461,0.03165098374679213,0.0022811519817507843,0.06900484744796122,0.008586272814011925,0.0003892967397867649,0.9795882581372801,-0.3659747562185331,0.681897935957048,3507,3507
safeobj_full,blur,5,2,0.3605903632945461,0.2837461700180448,0.32216826665629544,0.8773880809808954,0.035357855717137156,0.0037068719703450244,0.08753920729968634,0.008586272814011925,0.0003889614480006459,0.9789760632327319,-0.36704657008145736,0.7095149976764611,3507,3507
safeobj_full,blur,5,3,0.3457469551484988,0.27119791499142215,0.3084724350699605,0.866837753065298,0.04134587966923296,0.0051325919589392645,0.09352723125178215,0.008586272814011925,0.0003976914049650893,0.9781657852336556,-0.3314597539544697,0.7429219446258393,3507,3507
safeobj_full,blur,5,4,0.33188414315257947,0.2591526100317404,0.29551837659215996,0.8565725691474194,0.043341887653264896,0.006273167949814656,0.09381237524950099,0.008586272814011925,0.00040935953819000486,0.9772851586783752,-0.3134607447227979,0.7651380272988482,3507,3507
safeobj_full,blur,5,5,0.3184763688645665,0.24851385926479247,0.2834951140646795,0.8411747932706016,0.04875962360992301,0.007698887938408896,0.08668377530652979,0.008586272814011925,0.0004205771898822681,0.97642299081649,-0.30862688129733634,0.7802439411549205,3507,3507
