method,stress,max_h,h,iou,boundary_f,jf,ops,vanish,hallucination,split,mce,uncertainty,confidence,uec,ece_iou50,n_rows,n_samples
safeobj_no_stress,frame_drop,5,all,0.3532623085972208,0.28081304922505596,0.3170376789111384,0.8594240091246079,0.06176218990590248,0.004961505560307955,0.11730824066153407,0.008216891782091949,0.00038866127985431946,0.9808217713762832,-0.29431905498342104,0.7192877990756921,17535,3507
safeobj_no_stress,frame_drop,5,1,0.38902890222177333,0.31537263340923244,0.35220076781550286,0.8810949529512404,0.0499001996007984,0.0022811519817507843,0.09637867122897063,0.008216891782091949,0.0003932039702869318,0.983354907158878,-0.3179431247479533,0.6562948626672437,3507,3507
safeobj_no_stress,frame_drop,5,2,0.37076925818099393,0.2947063975807344,0.33273782788086426,0.8802395209580839,0.05474764756201882,0.003421727972626176,0.11120615911035073,0.008216891782091949,0.0003837781667459148,0.982041250734816,-0.30199954087178255,0.6977527342632621,3507,3507
safeobj_no_stress,frame_drop,5,3,0.35175043988841687,0.2779709085589886,0.3148606742237027,0.8617051611063588,0.05930995152552039,0.004847447961220416,0.12204163102366695,0.008216891782091949,0.0003835287041039899,0.9807691462093655,-0.2947638065362825,0.7241395948651784,3507,3507
safeobj_no_stress,frame_drop,5,4,0.33508982025473777,0.26452892299470737,0.29980937162472254,0.8428856572569148,0.06786427145708583,0.006273167949814656,0.12859994297120045,0.008216891782091949,0.0003887820663933801,0.979543605029566,-0.27880016670662083,0.7462957952142883,3507,3507
safeobj_no_stress,frame_drop,5,5,0.3196731224401821,0.2514863835816171,0.2855797530108996,0.831194753350442,0.07698887938408897,0.007984031936127744,0.1283147989734816,0.008216891782091949,0.0003940134917413807,0.9783999477487906,-0.29387283221880833,0.771955621201733,3507,3507
