method,stress,max_h,h,iou,boundary_f,jf,ops,vanish,hallucination,split,components,mce,pred_area,gt_area,uncertainty,confidence,brier_iou50,uec,ece_iou50,aurc_unc,selective_jf_80,n_rows,n_samples
object_token_det,distractor,5,all,0.39928624513710265,0.32056341882488865,0.35992483198099573,0.8930139720558882,0.04294268605645851,0.005075563159395495,0.09010550327915598,1.1082976903336186,0.0035563563651980347,0.0684571441813793,0.05966326740120948,0.0,0.9825585436270317,0.6277991369914764,,0.6296073080842775,0.6297423244656052,0.353834331035614,17535,3507
object_token_det,distractor,5,1,0.4384161534450996,0.3660966253543006,0.40225638939970015,0.9213002566295979,0.033932135728542916,0.0022811519817507843,0.07584830339321358,1.0926717992586257,0.0035563563651980347,0.06539898718188623,0.05943030852976586,0.0,0.9849699317882092,0.552061702642884,,0.5506955854125196,0.5856803348971118,0.39474788308143616,3507,3507
object_token_det,distractor,5,2,0.41999300504553616,0.3438146288282995,0.3819038169369179,0.9044767607641859,0.036213287710293696,0.0037068719703450244,0.08753920729968634,1.1072141431422868,0.0035563563651980347,0.06711816632112759,0.05955796739853626,0.0,0.9840416822604791,0.5804897654522236,,0.5802777747432153,0.6062460395007746,0.3742518723011017,3507,3507
object_token_det,distractor,5,3,0.39864938948992384,0.3172935654062517,0.35797147744808777,0.8910749928714,0.04562303963501568,0.0051325919589392645,0.08925007128599943,1.1092101511263188,0.0035563563651980347,0.06834105072345388,0.059674023728336974,0.0,0.9828327441099943,0.6247105199385817,,0.6261175852539806,0.6299563962255519,0.351349800825119,3507,3507
object_token_det,distractor,5,4,0.37843638411200503,0.29588407364019004,0.3371602288760976,0.8793840889649273,0.047619047619047616,0.006558311947533505,0.09352723125178215,1.1063587111491302,0.0035563563651980347,0.06987819376128696,0.05978225221184615,0.0,0.981320979692401,0.6755868065618945,,0.6793534620079452,0.6527598913346832,0.33165884017944336,3507,3507
object_token_det,distractor,5,5,0.3609362935929484,0.27972820089540174,0.32033224724417503,0.86883376104933,0.05132591958939264,0.007698887938408896,0.10436270316509838,1.126033646991731,0.0035563563651980347,0.07154932291914189,0.059871785137562174,0.0,0.9796273802840747,0.7061468903617979,,0.7115920875906638,0.6726407901345908,0.3159879148006439,3507,3507
