method,stress,max_h,h,iou,boundary_f,jf,ops,vanish,hallucination,split,components,mce,pred_area,gt_area,uncertainty,confidence,brier_iou50,uec,ece_iou50,aurc_unc,selective_jf_80,n_rows,n_samples
safeobjworld_r_det,clean,5,all,0.6395617628836414,0.6972452118348629,0.6684034873592523,0.9550042771599658,0.025777017393783862,0.0026233247790134018,0.28371827773025377,1.596749358426005,0.002858540748718743,0.06632736356404255,0.05966326740120948,0.0,0.99191797766075,0.2349303379744113,,0.2316099696938455,0.39390217369090125,0.6618683934211731,17535,3507
safeobjworld_r_det,clean,5,1,0.7752753588350615,0.8954815837040498,0.8353784712695557,0.9851725121186199,0.010835471913316224,0.000855431993156544,0.31223267750213857,1.8534359851725122,0.002858540748718743,0.06245641312860391,0.05943030852976586,0.0,0.9962198928036784,0.09838957864061393,,0.09516483545303345,0.2503353417430998,0.8276823163032532,3507,3507
safeobjworld_r_det,clean,5,2,0.6896593340427347,0.7847403417605295,0.7371998379016321,0.9729113202167095,0.017964071856287425,0.001710863986313088,0.2956943256344454,1.6484174508126603,0.002858540748718743,0.06432574459216488,0.05955796739853626,0.0,0.9938756694200884,0.15751435384812912,,0.1535562599082601,0.339251941107809,0.7290774583816528,3507,3507
safeobjworld_r_det,clean,5,3,0.6256487080138442,0.68316069191378,0.6544046999638121,0.954947248360422,0.025377815796977475,0.0025662959794696323,0.28885086968919305,1.568577131451383,0.002858540748718743,0.06616916371869357,0.059674023728336974,0.0,0.9918640676236812,0.23418504688044303,,0.23052960069967465,0.4082898187124766,0.6463524103164673,3507,3507
safeobjworld_r_det,clean,5,4,0.5747025900992622,0.5978623044390421,0.5862824472691521,0.9372683205018535,0.03421727972626176,0.003421727972626176,0.27060165383518675,1.493299116053607,0.002858540748718743,0.06821562727719165,0.05978225221184615,0.0,0.9898267081907614,0.3117974396611266,,0.30861770743007566,0.4631315441350988,0.5800397992134094,3507,3507
safeobjworld_r_det,clean,5,5,0.5325228234273038,0.5249811373569132,0.5287519803921085,0.9247219846022241,0.040490447676076416,0.004562303963501569,0.2512118619903051,1.4200171086398632,0.002858540748718743,0.07046986910355875,0.059871785137562174,0.0,0.9878035502655403,0.3727652708417437,,0.37018162406405253,0.5079082918065697,0.5240155458450317,3507,3507
