method,stress,max_h,h,iou,boundary_f,jf,ops,vanish,hallucination,split,mce,uncertainty,confidence,uec,ece_iou50,n_rows,n_samples
convlstm,frame_drop,5,all,0.6232815370052729,0.6724220921697255,0.6478518145874992,0.950499001996008,0.029654975762760195,0.0022811519817507843,0.2834331337325349,0.003530984145299887,0.0,0.9908047101148895,,0.2504568141581565,17535,3507
convlstm,frame_drop,5,1,0.7571194483521819,0.8766383861873467,0.8168789172697644,0.9826062161391502,0.01283147989734816,0.000855431993156544,0.3230681494154548,0.003530984145299887,0.0,0.9957626633641384,,0.10525792837142944,3507,3507
convlstm,frame_drop,5,2,0.6711824189196054,0.7588239198774331,0.7150031693985193,0.9669232962646136,0.020530367835757058,0.00142571998859424,0.3011120615911035,0.003530984145299887,0.0,0.9930417334248206,,0.17667449540414804,3507,3507
convlstm,frame_drop,5,3,0.6088570502832958,0.6565854876751687,0.6327212689792323,0.9481037924151696,0.031080695751354435,0.0022811519817507843,0.29227259766181923,0.003530984145299887,0.0,0.9906022265183814,,0.2560713106592666,3507,3507
convlstm,frame_drop,5,4,0.5598583883438815,0.5708537645033224,0.565356076423602,0.9338465925292273,0.039064727687482176,0.003136583974907328,0.2643284858853721,0.003530984145299887,0.0,0.9884315022451435,,0.32604205261651426,3507,3507
convlstm,frame_drop,5,5,0.5193903791274,0.4992089026053561,0.509299640866378,0.9210151126318791,0.044767607641859136,0.0037068719703450244,0.23638437410892502,0.003530984145299887,0.0,0.9861854250219632,,0.3882385030376085,3507,3507
