method,stress,max_h,h,iou,boundary_f,jf,ops,vanish,hallucination,split,components,mce,pred_area,gt_area,uncertainty,confidence,brier_iou50,uec,ece_iou50,aurc_unc,selective_jf_80,n_rows,n_samples
linear_centroid_scale,distractor,5,all,0.5753852469118955,0.6976440071304493,0.6365146270211725,0.9179925862560593,0.034901625320787,0.004391217564870259,0.46199030510407757,7.492443684060451,0.0012572706094337643,0.0586300643999699,0.05966326740120948,0.0,1.0,0.3406900484744796,,0.34069007635116577,0.4577607351412428,0.6327860951423645,17535,3507
linear_centroid_scale,distractor,5,1,0.7447165688015822,0.9192693041666194,0.8319929364841007,0.9669232962646136,0.011690903906472769,0.0022811519817507843,0.47305389221556887,7.828343313373254,0.0012572706094337645,0.058952129223695464,0.05943030852976586,0.0,1.0,0.12033076703735386,,0.12033075094223022,0.28163629589626193,0.825056254863739,3507,3507
linear_centroid_scale,distractor,5,2,0.6327531993977242,0.7919971909613015,0.7123751951795129,0.9412603364699174,0.02281151981750784,0.003136583974907328,0.4662104362703165,7.647847162817222,0.0012572706094337645,0.058739199428523896,0.05955796739853626,0.0,1.0,0.2418021100655831,,0.24180209636688232,0.3989990140884262,0.7061689496040344,3507,3507
linear_centroid_scale,distractor,5,3,0.5555246706149088,0.6747332058304115,0.6151289382226602,0.9144568006843456,0.035642999714856,0.004562303963501569,0.459652124322783,7.479897348160821,0.0012572706094337645,0.05857022778599547,0.059674023728336974,0.0,1.0,0.35300826917593386,,0.3530082702636719,0.47930675333645956,0.6113306283950806,3507,3507
linear_centroid_scale,distractor,5,4,0.49623538229908326,0.5861399869222531,0.5411876846106682,0.8976333048189336,0.044767607641859136,0.005417735956658112,0.45737097234103224,7.330767037353864,0.0012572706094337645,0.058454349361792286,0.05978225221184615,0.0,1.0,0.45280866837753064,,0.452808678150177,0.5405302399009143,0.5385968685150146,3507,3507
linear_centroid_scale,distractor,5,5,0.44769641344617944,0.5160803477716609,0.48188838060892014,0.8696891930424865,0.05959509552323924,0.006558311947533505,0.4536641003706872,7.175363558597091,0.0012572706094337645,0.05843441619984238,0.059871785137562174,0.0,1.0,0.5355004277159966,,0.5355004072189331,0.5901813595112548,0.4806547462940216,3507,3507
