method,stress,max_h,h,iou,boundary_f,jf,ops,vanish,hallucination,split,mce,uncertainty,confidence,uec,ece_iou50,n_rows,n_samples
flow_warp,clean,5,all,0.6005106884085635,0.7360774618296548,0.6682940751191091,0.9255774165953806,0.03011120615911035,0.0051325919589392645,0.5376675220986599,0.0015904295542703093,0.0,1.0,,0.3141716718673706,17535,3507
flow_warp,clean,5,1,0.7687798102984172,0.9263587685713534,0.8475692894348853,0.9731964642144283,0.010550327915597377,0.0022811519817507843,0.4893071000855432,0.0015904295542703093,0.0,1.0,,0.11491304636001587,3507,3507
flow_warp,clean,5,2,0.660345481690713,0.8221840838444286,0.7412647827675708,0.9472483604220131,0.01996007984031936,0.0037068719703450244,0.5064157399486741,0.0015904295542703093,0.0,1.0,,0.20958083868026733,3507,3507
flow_warp,clean,5,3,0.5814202710589168,0.7231362702506057,0.6522782706547612,0.9241516966067864,0.026518391787852865,0.0051325919589392645,0.5332192757342458,0.0015904295542703093,0.0,1.0,,0.32107216119766235,3507,3507
flow_warp,clean,5,4,0.5208298572462335,0.6391902469032341,0.5800100520747338,0.9016253207869974,0.04077559167379527,0.006558311947533505,0.564870259481038,0.0015904295542703093,0.0,1.0,,0.4237239956855774,3507,3507
flow_warp,clean,5,5,0.4711780217485363,0.5695179395786522,0.5203479806635942,0.8816652409466781,0.052751639577986884,0.007984031936127744,0.5945252352437981,0.0015904295542703093,0.0,1.0,,0.5015683174133301,3507,3507
