method,stress,max_h,h,iou,boundary_f,jf,ops,vanish,hallucination,split,components,mce,pred_area,gt_area,uncertainty,confidence,brier_iou50,uec,ece_iou50,aurc_unc,selective_jf_80,n_rows,n_samples
convlstm_stress,frame_drop,5,all,0.6249732849091298,0.6791173108593919,0.652045297884261,0.9501568291987453,0.028286284573709724,0.0025092671799258628,0.2842315369261477,1.5918448816652409,0.003438778814441418,0.06665809780488627,0.05966326740120948,0.0,0.9907310379241517,0.25493075642995017,,0.25129561938211586,0.40923531743579844,0.6439712643623352,17535,3507
convlstm_stress,frame_drop,5,1,0.7583580224835981,0.878644867367563,0.8185014449255805,0.9837467921300257,0.012546335899629312,0.000855431993156544,0.3142286854861705,1.844311377245509,0.003438778814441418,0.0623463591789635,0.05943030852976586,0.0,0.9959031434898061,0.10859738539724836,,0.10511326789855957,0.2674255761351916,0.8098571300506592,3507,3507
convlstm_stress,frame_drop,5,2,0.6729000768832397,0.7638774084016874,0.7183887426424636,0.9683490162532079,0.017964071856287425,0.001710863986313088,0.3011120615911035,1.6575420587396634,0.003438778814441418,0.06446150203313611,0.05955796739853626,0.0,0.9929181814941546,0.1800312936085053,,0.17569549518125094,0.35610279603620787,0.7090275287628174,3507,3507
convlstm_stress,frame_drop,5,3,0.6107002161861848,0.663014581673221,0.6368573989297028,0.9486740804106074,0.029654975762760195,0.0022811519817507843,0.2928428856572569,1.5623039635015683,0.003438778814441418,0.06664865797918053,0.059674023728336974,0.0,0.9904397399397633,0.2638454106175597,,0.259900820469428,0.42442444658920386,0.6269977688789368,3507,3507
convlstm_stress,frame_drop,5,4,0.5617238883735657,0.5803731681454383,0.571048528259502,0.9309951525520388,0.036783575705731396,0.003136583974907328,0.2711719418306245,1.489592244083262,0.003438778814441418,0.06883360170779473,0.05978225221184615,0.0,0.9882340508714713,0.33026806765007843,,0.326699956295529,0.4772700182271439,0.562547504901886,3507,3507
convlstm_stress,frame_drop,5,5,0.5211842206190608,0.5096765287090501,0.5154303746640554,0.9190191046478472,0.04448246364414029,0.004562303963501569,0.2418021100655831,1.4054747647562018,0.003438778814441418,0.07100036812535643,0.059871785137562174,0.0,0.9861600738255631,0.391911624876359,,0.3890685503864207,0.5199761981997637,0.5088415741920471,3507,3507
