method,stress,max_h,h,iou,boundary_f,jf,ops,vanish,hallucination,split,components,mce,pred_area,gt_area,uncertainty,confidence,brier_iou50,uec,ece_iou50,aurc_unc,selective_jf_80,n_rows,n_samples
copy_last,occlusion,5,all,0.40739990991761793,0.6128186524848432,0.5101092812012304,0.9005988023952096,0.03769603649843171,0.0051325919589392645,0.7944111776447106,7.568862275449102,0.0,0.0425839401925316,0.05966326740120948,0.0,1.0,0.6357000285143998,,0.635699987411499,0.6280250032691668,0.5079520344734192,17535,3507
copy_last,occlusion,5,1,0.5235341848694977,0.787348311232618,0.6554412480510579,0.9595095523239235,0.015397775876817793,0.0022811519817507843,0.7944111776447106,7.568862275449102,0.0,0.042583940192531596,0.05943030852976586,0.0,1.0,0.3615625891074993,,0.3615626096725464,0.4983551392421766,0.6524984240531921,3507,3507
copy_last,occlusion,5,2,0.44276049009175583,0.6741381241837953,0.5584493071377755,0.9272882805816938,0.028229255774165955,0.0037068719703450244,0.7944111776447106,7.568862275449102,0.0,0.042583940192531596,0.05955796739853626,0.0,1.0,0.5680068434559452,,0.5680068731307983,0.5891767350903983,0.5545095801353455,3507,3507
copy_last,occlusion,5,3,0.39125689366495664,0.5911916246917323,0.49122425917834445,0.8970630168234959,0.03934987168520103,0.0051325919589392645,0.7944111776447106,7.568862275449102,0.0,0.042583940192531596,0.059674023728336974,0.0,1.0,0.6843455945252352,,0.6843456029891968,0.6466914505083545,0.48817873001098633,3507,3507
copy_last,occlusion,5,4,0.3539812282707863,0.5295739740305508,0.4417776011506686,0.8708297690333618,0.04790419161676647,0.006558311947533505,0.7944111776447106,7.568862275449102,0.0,0.042583940192531596,0.05978225221184615,0.0,1.0,0.7570573139435415,,0.7570573091506958,0.6871279502991338,0.4400487244129181,3507,3507
copy_last,occlusion,5,5,0.3254667526910932,0.48184122828551984,0.4036539904883065,0.8483033932135728,0.0575990875392073,0.007984031936127744,0.7944111776447106,7.568862275449102,0.0,0.042583940192531596,0.059871785137562174,0.0,1.0,0.8075278015397775,,0.8075277805328369,0.717648328741154,0.40293946862220764,3507,3507
