method,stress,max_h,h,iou,boundary_f,jf,ops,vanish,hallucination,split,components,mce,pred_area,gt_area,uncertainty,confidence,brier_iou50,uec,ece_iou50,aurc_unc,selective_jf_80,n_rows,n_samples
convlstm_base,blur,5,all,0.6436624806673585,0.7056175487537412,0.6746400147105499,0.9540347875677218,0.027544910179640718,0.002338180781294554,0.2920444824636441,1.6479612204163103,0.003084817874243792,0.06524699701539383,0.05966326740120948,0.0,0.991800522838252,0.23245509208557372,,0.22921149024332488,0.3891563130199547,0.6676251292228699,17535,3507
convlstm_base,blur,5,1,0.7808994267529181,0.9015440775148363,0.8412217521338772,0.9828913601368692,0.01311662389506701,0.000855431993156544,0.31394354148845166,1.8542914171656686,0.003084817874243792,0.061155304408544026,0.05943030852976586,0.0,0.9963481240643712,0.09709321347811231,,0.09386736154556274,0.24487944928415922,0.8322291970252991,3507,3507
convlstm_base,blur,5,2,0.694164586215988,0.7923312218439181,0.7432479040299531,0.9697747362418021,0.01996007984031936,0.001710863986313088,0.3116623895067009,1.7191331622469348,0.003084817874243792,0.06330693338026329,0.05955796739853626,0.0,0.9940165706533362,0.15435508727211542,,0.1505606196903591,0.33336318035599816,0.7351920008659363,3507,3507
convlstm_base,blur,5,3,0.6298105408757032,0.6941478718542196,0.6619792063649613,0.9552323923581408,0.026518391787852865,0.0022811519817507843,0.2994011976047904,1.6355859709153122,0.003084817874243792,0.06508857285429141,0.059674023728336974,0.0,0.9917886047102225,0.23762588314701424,,0.23416102574970907,0.40284037837960623,0.6540737152099609,3507,3507
convlstm_base,blur,5,4,0.5783889475775572,0.608538130868092,0.5934635392228247,0.93812375249501,0.03507271171941831,0.00285143997718848,0.2825777017393784,1.5563159395494726,0.003084817874243792,0.0671315169759687,0.05978225221184615,0.0,0.9895660687553465,0.30719268468155764,,0.3040798939222755,0.4588615041609465,0.5865581035614014,3507,3507
convlstm_base,blur,5,5,0.5350489019146264,0.5315264416876403,0.5332876718011333,0.9241516966067864,0.04305674365554605,0.003992015968063872,0.25263758197889935,1.474479612204163,0.003084817874243792,0.06955265745790165,0.059871785137562174,0.0,0.987283246007984,0.36600859184906903,,0.3633882086400058,0.5054524234695573,0.527795135974884,3507,3507
