method,stress,max_h,h,iou,boundary_f,jf,ops,vanish,hallucination,split,mce,uncertainty,confidence,uec,ece_iou50,n_rows,n_samples
flow_warp,blur,5,all,0.6005990841369363,0.7365512521868002,0.6685751681618681,0.9252352437981181,0.029883090960935273,0.0051325919589392645,0.5372683205018535,0.001598748846233947,0.0,1.0,,0.3141716718673706,17535,3507
flow_warp,blur,5,1,0.768973898020248,0.9266194963079671,0.8477966971641077,0.9731964642144283,0.00998003992015968,0.0022811519817507843,0.4913031080695751,0.001598748846233947,0.0,1.0,,0.11405760049819946,3507,3507
flow_warp,blur,5,2,0.6604136128534848,0.8227086922883455,0.7415611525709151,0.9463929284288566,0.019389791844881665,0.0037068719703450244,0.5078414599372684,0.001598748846233947,0.0,1.0,,0.2107214331626892,3507,3507
flow_warp,blur,5,3,0.5815260002343277,0.7239381122415827,0.6527320562379553,0.9241516966067864,0.026803535785571715,0.0051325919589392645,0.5315084117479327,0.001598748846233947,0.0,1.0,,0.3216424584388733,3507,3507
flow_warp,blur,5,4,0.5208104244104039,0.6395526350286446,0.5801815297195243,0.9021956087824351,0.03992015968063872,0.006558311947533505,0.564870259481038,0.001598748846233947,0.0,1.0,,0.422868549823761,3507,3507
flow_warp,blur,5,5,0.4712714851662171,0.5699373250674603,0.5206044051168388,0.8802395209580839,0.05332192757342458,0.007984031936127744,0.590818363273453,0.001598748846233947,0.0,1.0,,0.5015683174133301,3507,3507
