method,stress,max_h,h,iou,boundary_f,jf,ops,vanish,hallucination,split,components,mce,pred_area,gt_area,uncertainty,confidence,brier_iou50,uec,ece_iou50,aurc_unc,selective_jf_80,n_rows,n_samples
flow_linear_fallback,clean,5,all,0.6069984018668083,0.744218366685142,0.6756083842759751,0.9276304533789563,0.02885657256914742,0.0051325919589392645,0.5182207014542344,7.9098374679213,0.0034445075827978875,0.05862306265445301,0.05966326740120948,0.0,1.0,0.30459081836327345,,0.3045908212661743,0.4232651268572168,0.6695379614830017,17535,3507
flow_linear_fallback,clean,5,1,0.7687798102984172,0.9263587685713534,0.8475692894348853,0.9731964642144283,0.010550327915597377,0.0022811519817507843,0.4893071000855432,7.925007128599943,0.0034445075827978875,0.05908142791797358,0.05943030852976586,0.0,1.0,0.11491303108069575,,0.11491304636001587,0.25179036282930534,0.8404341340065002,3507,3507
flow_linear_fallback,clean,5,2,0.660345481690713,0.8221840838444286,0.7412647827675708,0.9472483604220131,0.01996007984031936,0.0037068719703450244,0.5064157399486741,7.922440832620473,0.0034445075827978875,0.05886408142296755,0.05955796739853626,0.0,1.0,0.20958083832335328,,0.20958083868026733,0.3658325661229054,0.7342581748962402,3507,3507
flow_linear_fallback,clean,5,3,0.5814202710589168,0.7231362702506057,0.6522782706547612,0.9241516966067864,0.026518391787852865,0.0051325919589392645,0.5332192757342458,7.949814656401482,0.0034445075827978875,0.058621487803163515,0.059674023728336974,0.0,1.0,0.3210721414314229,,0.32107216119766235,0.44983891372837026,0.6458581686019897,3507,3507
flow_linear_fallback,clean,5,4,0.5343742935321809,0.6566778169736939,0.5955260552529374,0.9070430567436556,0.039064727687482176,0.006558311947533505,0.530938123752495,7.904761904761905,0.0034445075827978875,0.05840638446569163,0.05978225221184615,0.0,1.0,0.40290846877673225,,0.40290844440460205,0.500117874880197,0.5892436504364014,3507,3507
flow_linear_fallback,clean,5,5,0.4900721527538137,0.5927348937856283,0.5414035232697209,0.8865126889078985,0.04818933561448532,0.007984031936127744,0.5312232677502139,7.8471628172226975,0.0034445075827978875,0.05814193166246871,0.059871785137562174,0.0,1.0,0.4744796122041631,,0.474479615688324,0.5482517869741317,0.535251259803772,3507,3507
