method,stress,max_h,h,iou,boundary_f,jf,ops,vanish,hallucination,split,mce,uncertainty,confidence,uec,ece_iou50,n_rows,n_samples
copy_last,occlusion,5,all,0.3964038965838373,0.6126716618140786,0.504537779198958,0.8986598232107215,0.037125748502994015,0.005075563159395495,0.7986883376104933,0.0,0.0,1.0,,0.6620473265647888,17535,3507
copy_last,occlusion,5,1,0.5116211501588701,0.7881597945639628,0.6498904723614165,0.9583689763330482,0.015112631879098944,0.001996007984031936,0.7986883376104933,0.0,0.0,1.0,,0.3846592307090759,3507,3507
copy_last,occlusion,5,2,0.4311888841613532,0.674049543829942,0.5526192139956476,0.9252922725976618,0.02765896777872826,0.0037068719703450244,0.7986883376104933,0.0,0.0,1.0,,0.6019389629364014,3507,3507
copy_last,occlusion,5,3,0.3801151291051987,0.5909861212583131,0.48555062518175596,0.8944967208440262,0.03992015968063872,0.0051325919589392645,0.7986883376104933,0.0,0.0,1.0,,0.7145708799362183,3507,3507
copy_last,occlusion,5,4,0.34354324810954673,0.529094740496828,0.4363189943031874,0.870544625035643,0.046193327630453376,0.006558311947533505,0.7986883376104933,0.0,0.0,1.0,,0.7838608622550964,3507,3507
copy_last,occlusion,5,5,0.3155510713842176,0.4810681089213481,0.3983095901527829,0.8445965212432278,0.05674365554605076,0.007984031936127744,0.7986883376104933,0.0,0.0,1.0,,0.8252067565917969,3507,3507
