method,stress,max_h,h,iou,boundary_f,jf,ops,vanish,hallucination,split,components,mce,pred_area,gt_area,uncertainty,confidence,brier_iou50,uec,ece_iou50,aurc_unc,selective_jf_80,n_rows,n_samples
convlstm_stress,noise,5,all,0.6396978867499902,0.7004382994357505,0.6700680930928703,0.954947248360422,0.025491873396065012,0.002737382378100941,0.28200741374394067,1.593327630453379,0.002997563436989745,0.06581688124247535,0.05966326740120948,0.0,0.992080598846949,0.23615594214783933,,0.23274209189353792,0.3937852180284646,0.6631057858467102,17535,3507
convlstm_stress,noise,5,1,0.7761061745911237,0.89620201502666,0.8361540948088918,0.9860279441117764,0.011120615911035072,0.000855431993156544,0.3073852295409182,1.836897633304819,0.002997563436989745,0.062174347671225004,0.05943030852976586,0.0,0.9961751998235672,0.09956336306954572,,0.09626078605651855,0.24975433606267256,0.8278672695159912,3507,3507
convlstm_stress,noise,5,2,0.6898100153888368,0.7863159826486936,0.7380629990187654,0.9717707442258341,0.016538351867693184,0.001996007984031936,0.2968349016253208,1.6518391787852866,0.002997563436989745,0.06406038679090233,0.05955796739853626,0.0,0.9938558986936841,0.15817319717983727,,0.15410685335294724,0.3391183536317059,0.7290935516357422,3507,3507
convlstm_stress,noise,5,3,0.6251616503133357,0.6856081704529696,0.6553849103831527,0.9529512403763901,0.02623324779013402,0.00285143997718848,0.2825777017393784,1.557456515540348,0.002997563436989745,0.06569702546791338,0.059674023728336974,0.0,0.9919446820644425,0.23470789719280571,,0.2308953369754925,0.40878135049875136,0.6470526456832886,3507,3507
convlstm_stress,noise,5,4,0.5747000026382524,0.6031188933900758,0.5889094480141642,0.9386940404904477,0.031936127744510975,0.003421727972626176,0.27402338180781294,1.4987168520102652,0.002997563436989745,0.06756883987481387,0.05978225221184615,0.0,0.9901125483408184,0.3147109040243183,,0.311469832325308,0.4633111093181252,0.5822035670280457,3507,3507
convlstm_stress,noise,5,5,0.5327115908184016,0.5309464356603535,0.5318290132393776,0.9252922725976618,0.04163102366695181,0.004562303963501569,0.24921585400627316,1.4217279726261762,0.002997563436989745,0.06958380640752226,0.059871785137562174,0.0,0.9883146653122327,0.3736243492726896,,0.3709778967731727,0.5076702918497706,0.5270705223083496,3507,3507
