method,stress,max_h,h,iou,boundary_f,jf,ops,vanish,hallucination,split,mce,uncertainty,confidence,uec,ece_iou50,n_rows,n_samples
safeobj_no_geom,occlusion,5,all,0.13835372832521073,0.100014238526593,0.11918398342590188,0.45919589392643284,0.41077844311377243,0.0051325919589392645,0.08080980895352152,0.0014100468814345663,4.6540213013216175e-06,0.9355951139686928,-0.3550709136146632,0.8919680986881664,17535,3507
safeobj_no_geom,occlusion,5,1,0.13741530662235452,0.09847706544479691,0.11794618603357572,0.4536641003706872,0.4197319646421443,0.0022811519817507843,0.07784431137724551,0.0014100468814345663,4.498621374510753e-06,0.9357557345531182,-0.40293337888825537,0.8895624553440029,3507,3507
safeobj_no_geom,occlusion,5,2,0.1381578592594997,0.09949472463386985,0.11882629194668475,0.4576561163387511,0.4134587966923296,0.0037068719703450244,0.08383233532934131,0.0014100468814345663,4.4901420266574816e-06,0.9362818838559497,-0.3552508491159445,0.8917994020431852,3507,3507
safeobj_no_geom,occlusion,5,3,0.1385082746937115,0.10014193273391339,0.11932510371381244,0.45993726832050186,0.4120330767037354,0.0051325919589392645,0.07784431137724551,0.0014100468814345663,4.6084495237512504e-06,0.9360033157784816,-0.3295176411245662,0.893231679953365,3507,3507
safeobj_no_geom,occlusion,5,4,0.13875989875906614,0.10067218399164914,0.11971604137535764,0.4613629883090961,0.40547476475620187,0.006558311947533505,0.07698887938408897,0.0014100468814345663,4.885575854687004e-06,0.935369446843922,-0.36373703541350405,0.8925978359008128,3507,3507
safeobj_no_geom,occlusion,5,5,0.13892730229142172,0.10128528582873574,0.12010629406007874,0.46335899629312804,0.4031936127744511,0.007984031936127744,0.08753920729968634,0.0014100468814345663,4.787317727001599e-06,0.9345651888119926,-0.33709760070258693,0.8926490496834494,3507,3507
