method,stress,max_h,h,iou,boundary_f,jf,ops,vanish,hallucination,split,components,mce,pred_area,gt_area,uncertainty,confidence,brier_iou50,uec,ece_iou50,aurc_unc,selective_jf_80,n_rows,n_samples
convlstm_stress,occlusion,5,all,0.5919655065038255,0.6575912149949623,0.6247783607493939,0.9428001140575991,0.027944111776447105,0.0025662959794696323,0.4183632734530938,1.8249786142001712,0.0035602307810596,0.060480115537773674,0.05966326740120948,0.0,0.9915304435771315,0.27914891592416796,,0.27604716910165633,0.4415417170696664,0.6153438687324524,17535,3507
convlstm_stress,occlusion,5,1,0.6944802136790966,0.8227289386963303,0.7586045761877134,0.9769033361847733,0.01311662389506701,0.000855431993156544,0.5186769318505845,2.2092956943256343,0.0035602307810596,0.05502264320565219,0.05943030852976586,0.0,0.9951880558080268,0.1319140689747606,,0.12806516885757446,0.33177556996653396,0.7474586963653564,3507,3507
convlstm_stress,occlusion,5,2,0.6312012792969722,0.7335831821804573,0.6823922307387146,0.9592244083262047,0.01853435985172512,0.001996007984031936,0.4471057884231537,1.9021956087824352,0.0035602307810596,0.057845339826299774,0.05955796739853626,0.0,0.9932379938783148,0.21219138613718,,0.20852173933249987,0.39788142253781905,0.670885443687439,3507,3507
convlstm_stress,occlusion,5,3,0.5825507947288441,0.6467648942012879,0.6146578444650659,0.9404049044767607,0.029369831765041345,0.0025662959794696323,0.414599372683205,1.7781579697747363,0.0035602307810596,0.060496504510819636,0.059674023728336974,0.0,0.991475753849444,0.2865054201529106,,0.28317804118320405,0.4513624485179152,0.6038781404495239,3507,3507
convlstm_stress,occlusion,5,4,0.5427464586421248,0.5738298585400244,0.5582881585910746,0.9252922725976618,0.03507271171941831,0.003421727972626176,0.3798118049615056,1.6777872825777018,0.0035602307810596,0.06320573603536975,0.05978225221184615,0.0,0.9897253484103222,0.3509515834935615,,0.3481513637914459,0.49526297774886147,0.5496878027915955,3507,3507
convlstm_stress,occlusion,5,5,0.5088487861720901,0.5110492013567116,0.5099489937644008,0.9121756487025948,0.04362703165098375,0.003992015968063872,0.3316224693470202,1.557456515540348,0.0035602307810596,0.06583035411072696,0.059871785137562174,0.0,0.9880250659395494,0.4141821208624273,,0.4123193508952575,0.5322175998578184,0.5024002194404602,3507,3507
