method,stress,max_h,h,iou,boundary_f,jf,ops,vanish,hallucination,split,components,mce,pred_area,gt_area,uncertainty,confidence,brier_iou50,uec,ece_iou50,aurc_unc,selective_jf_80,n_rows,n_samples
flow_linear_fallback,occlusion,5,all,0.43079592749007,0.6538818841037357,0.5423389057969029,0.9122897063016824,0.03199315654405475,0.004961505560307955,0.815112631879099,7.499572284003421,0.004553858403068848,0.04206342554226863,0.05966326740120948,0.0,1.0,0.5796407185628742,,0.5796407461166382,0.5888157143589443,0.5399585366249084,17535,3507
flow_linear_fallback,occlusion,5,1,0.5475563688999281,0.8105746655743926,0.6790655172371604,0.9632164242942686,0.013401767892785858,0.0022811519817507843,0.8001140575990875,7.485029940119761,0.0045538584030688474,0.04242411135071128,0.05943030852976586,0.0,1.0,0.2988309096093527,,0.29883092641830444,0.46435457039902944,0.6763013005256653,3507,3507
flow_linear_fallback,occlusion,5,2,0.4684578036270675,0.7184877913905591,0.5934727975088132,0.932420872540633,0.022526375819788995,0.0037068719703450244,0.8106643855146849,7.523809523809524,0.0045538584030688474,0.04227526624578224,0.05955796739853626,0.0,1.0,0.49016253207869975,,0.49016255140304565,0.548704644536845,0.5907310843467712,3507,3507
flow_linear_fallback,occlusion,5,3,0.4130254635209257,0.6364596339614966,0.5247425487412111,0.9101796407185628,0.03051040775591674,0.004847447961220416,0.8229255774165953,7.55945252352438,0.0045538584030688474,0.04214078508409767,0.059674023728336974,0.0,1.0,0.6270316509837468,,0.627031683921814,0.6086005735199853,0.5225255489349365,3507,3507
flow_linear_fallback,occlusion,5,4,0.3792297374274773,0.5809979604396489,0.48011384893356307,0.893071000855432,0.039064727687482176,0.006273167949814656,0.8214998574280011,7.501568291987454,0.0045538584030688474,0.04189652843370798,0.05978225221184615,0.0,1.0,0.7080125463358996,,0.708012580871582,0.6431694255517214,0.47761300206184387,3507,3507
flow_linear_fallback,occlusion,5,5,0.3457102639749514,0.5228893691525814,0.4342998165637665,0.8625605930995153,0.05446250356429997,0.007698887938408896,0.8203592814371258,7.428001140575991,0.0045538584030688474,0.041580436597044,0.059871785137562174,0.0,1.0,0.7741659538066724,,0.7741659879684448,0.679709341002426,0.4308091998100281,3507,3507
