method,stress,max_h,h,iou,boundary_f,jf,ops,vanish,hallucination,split,components,mce,pred_area,gt_area,uncertainty,confidence,brier_iou50,uec,ece_iou50,aurc_unc,selective_jf_80,n_rows,n_samples
convlstm_base,occlusion,5,all,0.47824249464640256,0.6252733811266805,0.5517579378865417,0.9348731109210151,0.0335899629312803,0.0019389791844881665,0.6471628172226974,2.28759623609923,0.004151767081095856,0.04774217685660425,0.05966326740120948,0.0,0.9929203256433562,0.4622891439547184,,0.46306570362154154,0.541392105173654,0.5462842583656311,17535,3507
convlstm_base,occlusion,5,1,0.5680725137803527,0.7850778378086507,0.6765751757945017,0.9740518962075848,0.016253207869974338,0.000855431993156544,0.7048759623609923,2.5583119475335043,0.004151767081095856,0.04412942158837088,0.05943030852976586,0.0,0.996876642919518,0.24539009600852268,,0.24381136894226074,0.44444109588727143,0.6717944145202637,3507,3507
convlstm_base,occlusion,5,2,0.510319765541581,0.6955233397647564,0.6029215526531686,0.9526660963786713,0.02566295979469632,0.00142571998859424,0.6743655546050755,2.3838038209295696,0.004151767081095856,0.045945041031528217,0.05955796739853626,0.0,0.9948849510799829,0.38524762279531166,,0.3846767880755474,0.5049164090188178,0.5975055694580078,3507,3507
convlstm_base,occlusion,5,3,0.46746250221895996,0.613728889767148,0.5405956959930541,0.9341317365269461,0.03307670373538637,0.001996007984031936,0.6478471628172227,2.273738237810094,0.004151767081095856,0.0475740529729232,0.059674023728336974,0.0,0.9929261176308098,0.4904520167630046,,0.49107268966770523,0.5520905168806823,0.5344275832176208,3507,3507
convlstm_base,occlusion,5,4,0.43532082335168476,0.5464361357994977,0.49087847957559116,0.9150270886797833,0.04163102366695181,0.0022811519817507843,0.624750499001996,2.1756487025948106,0.004151767081095856,0.04947057305280312,0.05978225221184615,0.0,0.990976751853436,0.5675113445202578,,0.5695339333545391,0.588494015059645,0.48435044288635254,3507,3507
convlstm_base,occlusion,5,5,0.4100368683394344,0.4856007024933505,0.4478187854163925,0.8984887368120901,0.05132591958939264,0.003136583974907328,0.5839749073282008,2.046478471628172,0.004151767081095856,0.05159179563739585,0.059871785137562174,0.0,0.988937164733034,0.6228446396864953,,0.6262339744637214,0.6171208002563917,0.4420161545276642,3507,3507
