method,stress,max_h,h,iou,boundary_f,jf,ops,vanish,hallucination,split,components,mce,pred_area,gt_area,uncertainty,confidence,brier_iou50,uec,ece_iou50,aurc_unc,selective_jf_80,n_rows,n_samples
flow_warp,noise,5,all,0.6006096773195695,0.7361014933313882,0.6683555853254789,0.9249500998003992,0.030453378956372967,0.0050185343598517255,0.5384659252922726,7.935614485315084,0.0015719642530988706,0.05862076071072141,0.05966326740120948,0.0,1.0,0.3142857142857143,,0.3142856955528259,0.43032162430197307,0.6623102426528931,17535,3507
flow_warp,noise,5,1,0.7686039934721285,0.9261241079401678,0.8473640507061482,0.9726261762189906,0.010265183917878529,0.0022811519817507843,0.4913031080695751,7.915027088679783,0.0015719642530988703,0.059083531845040074,0.05943030852976586,0.0,1.0,0.11491303108069575,,0.11491304636001587,0.25198711810656954,0.8401800394058228,3507,3507
flow_warp,noise,5,2,0.6601346870755357,0.8219168471329279,0.7410257671042317,0.9466780724265754,0.020245223838038208,0.0037068719703450244,0.5106928999144568,7.889649272882806,0.0015719642530988703,0.05887219546522035,0.05955796739853626,0.0,1.0,0.21100655831194753,,0.21100658178329468,0.3661024538429959,0.7339283227920532,3507,3507
flow_warp,noise,5,3,0.5813763276214579,0.7228771895259924,0.6521267585737253,0.9221556886227545,0.02765896777872826,0.0051325919589392645,0.5352152837182778,7.907613344739093,0.0015719642530988703,0.05863622302765501,0.059674023728336974,0.0,1.0,0.3213572854291417,,0.3213573098182678,0.449821027611232,0.645592212677002,3507,3507
flow_warp,noise,5,4,0.5208863869565248,0.6391296607644742,0.5800080238604994,0.9013401767892786,0.04020530367835757,0.006558311947533505,0.5634445394924437,7.9572284003421725,0.0015719642530988703,0.05838553083565013,0.05978225221184615,0.0,1.0,0.4245794126033647,,0.4245794415473938,0.515425530600961,0.5736309885978699,3507,3507
flow_warp,noise,5,5,0.4720469914722006,0.5704596612933781,0.5212533263827894,0.8819503849443969,0.05389221556886228,0.007413743940690049,0.5916737952666097,8.008554319931566,0.0015719642530988703,0.0581263223800415,0.059871785137562174,0.0,1.0,0.49957228400342174,,0.4995722770690918,0.5678188442844277,0.5153953433036804,3507,3507
