method,stress,max_h,h,iou,boundary_f,jf,ops,vanish,hallucination,split,components,mce,pred_area,gt_area,uncertainty,confidence,brier_iou50,uec,ece_iou50,aurc_unc,selective_jf_80,n_rows,n_samples
flow_linear_fallback,noise,5,all,0.6069725396723714,0.7441423762706366,0.6755574579715039,0.9268890789848874,0.028970630168234958,0.0051325919589392645,0.5203307670373538,7.875848303393213,0.0034538650371067404,0.058632386454769043,0.05966326740120948,0.0,1.0,0.3043056743655546,,0.30430567264556885,0.4232478487177587,0.6694302558898926,17535,3507
flow_linear_fallback,noise,5,1,0.7686039934721285,0.9261241079401678,0.8473640507061482,0.9726261762189906,0.010265183917878529,0.0022811519817507843,0.4913031080695751,7.915027088679783,0.00345386503710674,0.059083531845040074,0.05943030852976586,0.0,1.0,0.11491303108069575,,0.11491304636001587,0.25198711810656954,0.8401800394058228,3507,3507
flow_linear_fallback,noise,5,2,0.6601346870755357,0.8219168471329279,0.7410257671042317,0.9466780724265754,0.020245223838038208,0.0037068719703450244,0.5106928999144568,7.889649272882806,0.00345386503710674,0.05887219546522035,0.05955796739853626,0.0,1.0,0.21100655831194753,,0.21100658178329468,0.3661024538429959,0.7339283227920532,3507,3507
flow_linear_fallback,noise,5,3,0.5813763276214579,0.7228771895259924,0.6521267585737253,0.9221556886227545,0.02765896777872826,0.0051325919589392645,0.5352152837182778,7.907613344739093,0.00345386503710674,0.05863622302765501,0.059674023728336974,0.0,1.0,0.3213572854291417,,0.3213573098182678,0.449821027611232,0.645592212677002,3507,3507
flow_linear_fallback,noise,5,4,0.5344420336896487,0.6566254026992744,0.5955337181944617,0.9067579127459366,0.03877958368976333,0.006558311947533505,0.5323638437410892,7.860564585115483,0.00345386503710674,0.05841858260166175,0.05978225221184615,0.0,1.0,0.401482748788138,,0.4014827609062195,0.500010414072585,0.58921217918396,3507,3507
flow_linear_fallback,noise,5,5,0.49030565650308655,0.59316833405482,0.5417369952789532,0.8862275449101796,0.04790419161676647,0.007984031936127744,0.5320786997433704,7.806387225548902,0.00345386503710674,0.05815139933426797,0.059871785137562174,0.0,1.0,0.47276874821785003,,0.47276872396469116,0.5478998433810865,0.5355793237686157,3507,3507
