method,stress,max_h,h,iou,boundary_f,jf,ops,vanish,hallucination,split,components,mce,pred_area,gt_area,uncertainty,confidence,brier_iou50,uec,ece_iou50,aurc_unc,selective_jf_80,n_rows,n_samples
flow_warp,clean,5,all,0.6005106884085635,0.7360774618296548,0.6682940751191091,0.9255774165953806,0.03011120615911035,0.0051325919589392645,0.5376675220986599,7.975534644995723,0.0015904295542703093,0.05860123750514844,0.05966326740120948,0.0,1.0,0.3141716566866267,,0.3141716718673706,0.43057479934183457,0.6622976064682007,17535,3507
flow_warp,clean,5,1,0.7687798102984172,0.9263587685713534,0.8475692894348853,0.9731964642144283,0.010550327915597377,0.0022811519817507843,0.4893071000855432,7.925007128599943,0.0015904295542703093,0.05908142791797358,0.05943030852976586,0.0,1.0,0.11491303108069575,,0.11491304636001587,0.25179036282930534,0.8404341340065002,3507,3507
flow_warp,clean,5,2,0.660345481690713,0.8221840838444286,0.7412647827675708,0.9472483604220131,0.01996007984031936,0.0037068719703450244,0.5064157399486741,7.922440832620473,0.0015904295542703093,0.05886408142296755,0.05955796739853626,0.0,1.0,0.20958083832335328,,0.20958083868026733,0.3658325661229054,0.7342581748962402,3507,3507
flow_warp,clean,5,3,0.5814202710589168,0.7231362702506057,0.6522782706547612,0.9241516966067864,0.026518391787852865,0.0051325919589392645,0.5332192757342458,7.949814656401482,0.0015904295542703093,0.058621487803163515,0.059674023728336974,0.0,1.0,0.3210721414314229,,0.32107216119766235,0.44983891372837026,0.6458581686019897,3507,3507
flow_warp,clean,5,4,0.5208298572462335,0.6391902469032341,0.5800100520747338,0.9016253207869974,0.04077559167379527,0.006558311947533505,0.564870259481038,8.013401767892786,0.0015904295542703093,0.058355867011017644,0.05978225221184615,0.0,1.0,0.42372398061020816,,0.4237239956855774,0.5155800654991116,0.5737107396125793,3507,3507
flow_warp,clean,5,5,0.4711780217485363,0.5695179395786522,0.5203479806635942,0.8816652409466781,0.052751639577986884,0.007984031936127744,0.5945252352437981,8.067008839463929,0.0015904295542703093,0.05808332337061986,0.059871785137562174,0.0,1.0,0.5015682919874537,,0.5015683174133301,0.56934704866877,0.5144277215003967,3507,3507
