method,stress,max_h,h,iou,boundary_f,jf,ops,vanish,hallucination,split,components,mce,pred_area,gt_area,uncertainty,confidence,brier_iou50,uec,ece_iou50,aurc_unc,selective_jf_80,n_rows,n_samples
flow_linear_fallback,blur,5,all,0.6070606094725832,0.7446759596135882,0.6758682845430858,0.9274023381807813,0.02868548617051611,0.0051325919589392645,0.5183347590533219,7.921984602224123,0.003454534415709867,0.05858435194343456,0.05966326740120948,0.0,1.0,0.3047619047619048,,0.3047618865966797,0.4232347153575305,0.6698196530342102,17535,3507
flow_linear_fallback,blur,5,1,0.768973898020248,0.9266194963079671,0.8477966971641077,0.9731964642144283,0.00998003992015968,0.0022811519817507843,0.4913031080695751,7.933561448531508,0.003454534415709867,0.059063552272934285,0.05943030852976586,0.0,1.0,0.11405759908753921,,0.11405760049819946,0.25168038852381497,0.8406370282173157,3507,3507
flow_linear_fallback,blur,5,2,0.6604136128534848,0.8227086922883455,0.7415611525709151,0.9463929284288566,0.019389791844881665,0.0037068719703450244,0.5078414599372684,7.936698032506416,0.003454534415709867,0.05882862406387621,0.05955796739853626,0.0,1.0,0.2107214143142287,,0.2107214331626892,0.3657323007921685,0.7345748543739319,3507,3507
flow_linear_fallback,blur,5,3,0.5815260002343277,0.7239381122415827,0.6527320562379553,0.9241516966067864,0.026803535785571715,0.0051325919589392645,0.5315084117479327,7.963501568291988,0.003454534415709867,0.05857271072933498,0.059674023728336974,0.0,1.0,0.32164242942686055,,0.3216424584388733,0.44975254196588177,0.6463389992713928,3507,3507
flow_linear_fallback,blur,5,4,0.5343499721400785,0.6570486225373894,0.5956992973387338,0.9070430567436556,0.03877958368976333,0.006558311947533505,0.5315084117479327,7.918448816652409,0.003454534415709867,0.05835930909757865,0.05978225221184615,0.0,1.0,0.4020530367835757,,0.4020530581474304,0.5001736942201545,0.5894527435302734,3507,3507
flow_linear_fallback,blur,5,5,0.49003956411477756,0.5930648746926562,0.5415522194037169,0.8862275449101796,0.04847447961220416,0.007984031936127744,0.5295124037639007,7.857713145138295,0.003454534415709867,0.05809756355344866,0.059871785137562174,0.0,1.0,0.47533504419731964,,0.4753350615501404,0.5483283643442096,0.5354324579238892,3507,3507
